,Title,Authors,Page numbers,DOI,Year of publication,Part of publication,category
0,Reliable Assessment of Perfusivity and Diffusivity from Diffusion Imaging of the Body,"M. Freiman, S. D. Voss, R. V. Mulkern, J. M. Perez-Rossello, M. J. Callahan, Simon K. Warfield",1-9,/chapter/10.1007/978-3-642-33415-3_1,2012.0,1,category: other
1,Multi-organ Abdominal CT Segmentation Using Hierarchically Weighted Subject-Specific Atlases,"Robin Wolz, Chengwen Chu, Kazunari Misawa, Kensaku Mori, Daniel Rueckert",10-17,/chapter/10.1007/978-3-642-33415-3_2,2012.0,1,category: other
2,Radiation-Free Drill Guidance in Interlocking of Intramedullary Nails,"Benoit Diotte, Pascal Fallavollita, Lejing Wang, Simon Weidert, Peter-Helmut Thaller, Ekkehard Euler et al.",18-25,/chapter/10.1007/978-3-642-33415-3_3,2012.0,1,category: unknown
3,Developing Essential Rigid-Flexible Outer Sheath to Enable Novel Multi-piercing Surgery,"Siyang Zuo, Takeshi Ohdaira, Kenta Kuwana, Yoshihiro Nagao, Satoshi Ieiri, Makoto Hashizume et al.",26-33,/chapter/10.1007/978-3-642-33415-3_4,2012.0,1,category: unknown
4,Surgical Gesture Classification from Video Data,"Benjamín Béjar Haro, Luca Zappella, René Vidal",34-41,/chapter/10.1007/978-3-642-33415-3_5,2012.0,1,category: classification
5,Remote Ultrasound Palpation for Robotic Interventions Using Absolute Elastography,"Caitlin Schneider, Ali Baghani, Robert Rohling, Septimiu Salcudean",42-49,/chapter/10.1007/978-3-642-33415-3_6,2012.0,1,category: unknown
6,Modeling and Real-Time Simulation of a Vascularized Liver Tissue,"Igor Peterlík, Christian Duriez, Stéphane Cotin",50-57,/chapter/10.1007/978-3-642-33415-3_7,2012.0,1,category: unknown
7,Efficient Optic Cup Detection from Intra-image Learning with Retinal Structure Priors,"Yanwu Xu, Jiang Liu, Stephen Lin, Dong Xu, Carol Y. Cheung, Tin Aung et al.",58-65,/chapter/10.1007/978-3-642-33415-3_8,2012.0,1,category: classification
8,Population-Based Design of Mandibular Plates Based on Bone Quality and Morphology,"Habib Bousleiman, Christof Seiler, Tateyuki Iizuka, Lutz-Peter Nolte, Mauricio Reyes",66-73,/chapter/10.1007/978-3-642-33415-3_9,2012.0,1,category: unknown
9,Thoracic Abnormality Detection with Data Adaptive Structure Estimation,"Yang Song, Weidong Cai, Yun Zhou, Dagan Feng",74-81,/chapter/10.1007/978-3-642-33415-3_10,2012.0,1,category: classification
10,Domain Transfer Learning for MCI Conversion Prediction,"Bo Cheng, Daoqiang Zhang, Dinggang Shen",82-90,/chapter/10.1007/978-3-642-33415-3_11,2012.0,1,category: classification
11,Simulation of Pneumoperitoneum for Laparoscopic Surgery Planning,"J. Bano, A. Hostettler, S. A. Nicolau, S. Cotin, C. Doignon, H. S. Wu et al.",91-98,/chapter/10.1007/978-3-642-33415-3_12,2012.0,1,category: unknown
12,Incremental Kernel Ridge Regression for the Prediction of Soft Tissue Deformations,"Binbin Pan, James J. Xia, Peng Yuan, Jaime Gateno, Horace H. S. Ip, Qizhen He et al.",99-106,/chapter/10.1007/978-3-642-33415-3_13,2012.0,1,category: classification
13,Fuzzy Multi-class Statistical Modeling for Efficient Total Lesion Metabolic Activity Estimation from Realistic PET Images,"Jose George, Kathleen Vunckx, Elke Van de Casteele, Sabine Tejpar, Christophe M. Deroose, Johan Nuyts et al.",107-114,/chapter/10.1007/978-3-642-33415-3_14,2012.0,1,category: classification
14,Structure and Context in Prostatic Gland Segmentation and Classification,"Kien Nguyen, Anindya Sarkar, Anil K. Jain",115-123,/chapter/10.1007/978-3-642-33415-3_15,2012.0,1,category: classification
15,Quantitative Characterization of Trabecular Bone Micro-architecture Using Tensor Scale and Multi-Detector CT Imaging,"Yinxiao Liu, Punam K. Saha, Ziyue Xu",124-131,/chapter/10.1007/978-3-642-33415-3_16,2012.0,1,category: classification
16,"Genetic, Structural and Functional Imaging Biomarkers for Early Detection of Conversion from MCI to AD","Nikhil Singh, Angela Y. Wang, Preethi Sankaranarayanan, P. Thomas Fletcher, Sarang Joshi",132-140,/chapter/10.1007/978-3-642-33415-3_17,2012.0,1,category: classification
17,Robust MR Spine Detection Using Hierarchical Learning and Local Articulated Model,"Yiqiang Zhan, Dewan Maneesh, Martin Harder, Xiang Sean Zhou",141-148,/chapter/10.1007/978-3-642-33415-3_18,2012.0,1,category: classification
18,Spatiotemporal Reconstruction of the Breathing Function,"D. Duong, D. Shastri, P. Tsiamyrtzis, I. Pavlidis",149-156,/chapter/10.1007/978-3-642-33415-3_19,2012.0,1,category: unknown
19,A Visual Latent Semantic Approach for Automatic Analysis and Interpretation of Anaplastic Medulloblastoma Virtual Slides,"Angel Cruz-Roa, Fabio González, Joseph Galaro, Alexander R. Judkins, David Ellison, Jennifer Baccon et al.",157-164,/chapter/10.1007/978-3-642-33415-3_20,2012.0,1,category: classification
20,Detection of Spontaneous Vesicle Release at Individual Synapses Using Multiple Wavelets in a CWT-Based Algorithm,"Stefan Sokoll, Klaus Tönnies, Martin Heine",165-172,/chapter/10.1007/978-3-642-33415-3_21,2012.0,1,category: classification
21,An Adaptive Method of Tracking Anatomical Curves in X-Ray Sequences,"Yu Cao, Peng Wang",173-180,/chapter/10.1007/978-3-642-33415-3_22,2012.0,1,category: other
22,Directional Interpolation for Motion Weighted 4D Cone-Beam CT Reconstruction,"Hua Zhang, Jan-Jakob Sonke",181-188,/chapter/10.1007/978-3-642-33415-3_23,2012.0,1,category: other
23,Accurate and Efficient Linear Structure Segmentation by Leveraging Ad Hoc Features with Learned Filters,"Roberto Rigamonti, Vincent Lepetit",189-197,/chapter/10.1007/978-3-642-33415-3_24,2012.0,1,category: other
24,Compensating Motion Artifacts of 3D in vivo SD-OCT Scans,"O. Müller, S. Donner, T. Klinder, I. Bartsch, A. Krüger, A. Heisterkamp et al.",198-205,/chapter/10.1007/978-3-642-33415-3_25,2012.0,1,category: other
25,Classification of Ambiguous Nerve Fiber Orientations in 3D Polarized Light Imaging,"Melanie Kleiner, Markus Axer, David Gräßel, Julia Reckfort, Uwe Pietrzyk, Katrin Amunts et al.",206-213,/chapter/10.1007/978-3-642-33415-3_26,2012.0,1,category: classification
26,Non-local Means Resolution Enhancement of Lung 4D-CT Data,"Yu Zhang, Guorong Wu, Pew-Thian Yap, Qianjin Feng, Jun Lian, Wufan Chen et al.",214-222,/chapter/10.1007/978-3-642-33415-3_27,2012.0,1,category: other
27,Compressed Sensing Dynamic Reconstruction in Rotational Angiography,"Hélène Langet, Cyril Riddell, Yves Trousset, Arthur Tenenhaus, Elisabeth Lahalle, Gilles Fleury et al.",223-230,/chapter/10.1007/978-3-642-33415-3_28,2012.0,1,category: other
28,Bi-exponential Magnetic Resonance Signal Model for Partial Volume Computation,"Quentin Duché, Oscar Acosta, Giulio Gambarota, Isabelle Merlet, Olivier Salvado, Hervé Saint-Jalmes",231-238,/chapter/10.1007/978-3-642-33415-3_29,2012.0,1,category: classification
29,3D Lung Tumor Motion Model Extraction from 2D Projection Images of Mega-voltage Cone Beam CT via Optimal Graph Search,"Mingqing Chen, Junjie Bai, Yefeng Zheng, R. Alfredo C. Siochi",239-246,/chapter/10.1007/978-3-642-33415-3_30,2012.0,1,category: other
30,Atlas Construction via Dictionary Learning and Group Sparsity,"Feng Shi, Li Wang, Guorong Wu, Yu Zhang, Manhua Liu, John H. Gilmore et al.",247-255,/chapter/10.1007/978-3-642-33415-3_31,2012.0,1,category: other
31,Dictionary Learning and Time Sparsity in Dynamic MRI,"Jose Caballero, Daniel Rueckert, Joseph V. Hajnal",256-263,/chapter/10.1007/978-3-642-33415-3_32,2012.0,1,category: classification
32,Joint Reconstruction of Image and Motion in MRI: Implicit Regularization Using an Adaptive 3D Mesh,"Anne Menini, Pierre-André Vuissoz, Jacques Felblinger, Freddy Odille",264-271,/chapter/10.1007/978-3-642-33415-3_33,2012.0,1,category: other
33,Sparsity-Based Deconvolution of Low-Dose Perfusion CT Using Learned Dictionaries,"Ruogu Fang, Tsuhan Chen, Pina C. Sanelli",272-280,/chapter/10.1007/978-3-642-33415-3_34,2012.0,1,category: classification
34,Fast Multi-contrast MRI Reconstruction,"Junzhou Huang, Chen Chen, Leon Axel",281-288,/chapter/10.1007/978-3-642-33415-3_35,2012.0,1,category: other
35,Steady-State Model of the Radio-Pharmaceutical Uptake for MR-PET,"Stefano Pedemonte, M. Jorge Cardoso, Simon Arridge, Brian F. Hutton, Sebastien Ourselin",289-297,/chapter/10.1007/978-3-642-33415-3_36,2012.0,1,category: other
36,Oriented Pattern Analysis for Streak Detection in Dermoscopy Images,"Maryam Sadeghi, Tim K. Lee, David McLean, Harvey Lui, M. Stella Atkins",298-306,/chapter/10.1007/978-3-642-33415-3_37,2012.0,1,category: classification
37,Automated Foveola Localization in Retinal 3D-OCT Images Using Structural Support Vector Machine Prediction,"Yu-Ying Liu, Hiroshi Ishikawa, Mei Chen, Gadi Wollstein, Joel S. Schuman, James M. Rehg",307-314,/chapter/10.1007/978-3-642-33415-3_38,2012.0,1,category: classification
38,Intrinsic Melanin and Hemoglobin Colour Components for Skin Lesion Malignancy Detection,"Ali Madooei, Mark S. Drew, Maryam Sadeghi, M. Stella Atkins",315-322,/chapter/10.1007/978-3-642-33415-3_39,2012.0,1,category: classification
39,Anisotropic ssTEM Image Segmentation Using Dense Correspondence across Sections,"Dmitry Laptev, Alexander Vezhnevets, Sarvesh Dwivedi, Joachim M. Buhmann",323-330,/chapter/10.1007/978-3-642-33415-3_40,2012.0,1,category: other
40,Apoptosis Detection for Adherent Cell Populations in Time-Lapse Phase-Contrast Microscopy Images,"Seungil Huh, Dai Fei Elmer Ker, Hang Su, Takeo Kanade",331-339,/chapter/10.1007/978-3-642-33415-3_41,2012.0,1,category: classification
41,Modeling Dynamic Cellular Morphology in Images,"Xing An, Zhiwen Liu, Yonggang Shi, Ning Li, Yalin Wang, Shantanu H. Joshi",340-347,/chapter/10.1007/978-3-642-33415-3_42,2012.0,1,category: classification
42,Learning to Detect Cells Using Non-overlapping Extremal Regions,"Carlos Arteta, Victor Lempitsky, J. Alison Noble, Andrew Zisserman",348-356,/chapter/10.1007/978-3-642-33415-3_43,2012.0,1,category: classification
43,Application of the IMM-JPDA Filter to Multiple Target Tracking in Total Internal Reflection Fluorescence Microscopy Images,"Seyed Hamid Rezatofighi, Stephen Gould, Richard Hartley, Katarina Mele, William E. Hughes",357-364,/chapter/10.1007/978-3-642-33415-3_44,2012.0,1,category: other
44,Image Segmentation with Implicit Color Standardization Using Spatially Constrained Expectation Maximization: Detection of Nuclei,"James Monaco, J. Hipp, D. Lucas, S. Smith, U. Balis, Anant Madabhushi",365-372,/chapter/10.1007/978-3-642-33415-3_45,2012.0,1,category: other
45,Detecting and Tracking Motion of Myxococcus xanthus Bacteria in Swarms,"Xiaomin Liu, Cameron W. Harvey, Haitao Wang, Mark S. Alber, Danny Z. Chen",373-380,/chapter/10.1007/978-3-642-33415-3_46,2012.0,1,category: other
46,Signal and Noise Modeling in Confocal Laser Scanning Fluorescence Microscopy,"Gerlind Herberich, Reinhard Windoffer, Rudolf E. Leube, Til Aach",381-388,/chapter/10.1007/978-3-642-33415-3_47,2012.0,1,category: other
47,Hierarchical Partial Matching and Segmentation of Interacting Cells,"Zheng Wu, Danna Gurari, Joyce Y. Wong, Margrit Betke",389-396,/chapter/10.1007/978-3-642-33415-3_48,2012.0,1,category: other
48,Hybrid Tracking and Mosaicking for Information Augmentation in Retinal Surgery,"Rogério Richa, Balázs Vágvölgyi, Marcin Balicki, Gregory Hager, Russell H. Taylor",397-404,/chapter/10.1007/978-3-642-33415-3_49,2012.0,1,category: other
49,Real Time Assistance for Stent Positioning and Assessment by Self-initialized Tracking,"Terrence Chen, Yu Wang, Peter Durlak, Dorin Comaniciu",405-413,/chapter/10.1007/978-3-642-33415-3_50,2012.0,1,category: other
50,Marker-Less Reconstruction of Dense 4-D Surface Motion Fields Using Active Laser Triangulation for Respiratory Motion Management,"Sebastian Bauer, Benjamin Berkels, Svenja Ettl, Oliver Arold, Joachim Hornegger, Martin Rumpf",414-421,/chapter/10.1007/978-3-642-33415-3_51,2012.0,1,category: other
51,Modeling of Multi-View 3D Freehand Radio Frequency Ultrasound,"T. Klein, M. Hansson, Nassir Navab",422-429,/chapter/10.1007/978-3-642-33415-3_52,2012.0,1,category: classification
52,Towards Intra-operative PET for Head and Neck Cancer: Lymph Node Localization Using High-Energy Probes,"Dzhoshkun I. Shakir, Asli Okur, Alexander Hartl, Philipp Matthies, Sibylle I. Ziegler, Markus Essler et al.",430-437,/chapter/10.1007/978-3-642-33415-3_53,2012.0,1,category: classification
53,Data-Driven Breast Decompression and Lesion Mapping from Digital Breast Tomosynthesis,"Michael Wels, B. M. Kelm, M. Hammon, Anna Jerebko, M. Sühling, Dorin Comaniciu",438-446,/chapter/10.1007/978-3-642-33415-3_54,2012.0,1,category: classification
54,Real Time Image-Based Tracking of 4D Ultrasound Data,"Ola Kristoffer Øye, Wolfgang Wein, Dag Magne Ulvang, Knut Matre, Ivan Viola",447-454,/chapter/10.1007/978-3-642-33415-3_55,2012.0,1,category: other
55,Development of an MRI-Compatible Device for Prostate Focal Therapy,"Jeremy Cepek, Blaine Chronik, Uri Lindner, John Trachtenberg, Aaron Fenster",455-462,/chapter/10.1007/978-3-642-33415-3_56,2012.0,1,category: classification
56,Intraoperative Ultrasound Guidance for Transanal Endoscopic Microsurgery,"Philip Pratt, Aimee Di Marco, Christopher Payne, Ara Darzi, Guang-Zhong Yang",463-470,/chapter/10.1007/978-3-642-33415-3_57,2012.0,1,category: unknown
57,Robotic Path Planning for Surgeon Skill Evaluation in Minimally-Invasive Sinus Surgery,"Narges Ahmidi, Gregory D. Hager, Lisa Ishii, Gary L. Gallia, Masaru Ishii",471-478,/chapter/10.1007/978-3-642-33415-3_58,2012.0,1,category: unknown
58,Stereoscopic Scene Flow for Robotic Assisted Minimally Invasive Surgery,Danail Stoyanov,479-486,/chapter/10.1007/978-3-642-33415-3_59,2012.0,1,category: other
59,Towards Computer-Assisted Deep Brain Stimulation Targeting with Multiple Active Contacts,"Silvain Bériault, Yiming Xiao, Lara Bailey, D. Louis Collins, Abbas F. Sadikot, G. Bruce Pike",487-494,/chapter/10.1007/978-3-642-33415-3_60,2012.0,1,category: classification
60,Multi-object Spring Level Sets (MUSCLE),"Blake C. Lucas, Michael Kazhdan, Russell H. Taylor",495-503,/chapter/10.1007/978-3-642-33415-3_61,2012.0,1,category: other
61,Combining CRF and Multi-hypothesis Detection for Accurate Lesion Segmentation in Breast Sonograms,"Zhihui Hao, Qiang Wang, Yeong Kyeong Seong, Jong-Ha Lee, Haibing Ren, Ji-yeun Kim",504-511,/chapter/10.1007/978-3-642-33415-3_62,2012.0,1,category: classification
62,Hierarchical Manifold Learning,"Kanwal K. Bhatia, Anil Rao, Anthony N. Price, Robin Wolz, Jo Hajnal, Daniel Rueckert",512-519,/chapter/10.1007/978-3-642-33415-3_63,2012.0,1,category: classification
63,Vertebral Body Segmentation in MRI via Convex Relaxation and Distribution Matching,"Ismail Ben Ayed, Kumaradevan Punithakumar, Rashid Minhas, Rohit Joshi, Gregory J. Garvin",520-527,/chapter/10.1007/978-3-642-33415-3_64,2012.0,1,category: other
64,Evaluating Segmentation Error without Ground Truth,"Timo Kohlberger, Vivek Singh, Chris Alvino, Claus Bahlmann, Leo Grady",528-536,/chapter/10.1007/978-3-642-33415-3_65,2012.0,1,category: other
65,Rotational-Slice-Based Prostate Segmentation Using Level Set with Shape Constraint for 3D End-Firing TRUS Guided Biopsy,"Wu Qiu, Jing Yuan, Eranga Ukwatta, David Tessier, Aaron Fenster",537-544,/chapter/10.1007/978-3-642-33415-3_66,2012.0,1,category: other
66,Segmentation of Biological Target Volumes on Multi-tracer PET Images Based on Information Fusion for Achieving Dose Painting in Radiotherapy,"Benoît Lelandais, Isabelle Gardin, Laurent Mouchard, Pierre Vera, Su Ruan",545-552,/chapter/10.1007/978-3-642-33415-3_67,2012.0,1,category: other
67,Local Implicit Modeling of Blood Vessels for Interactive Simulation,"A. Yureidini, E. Kerrien, J. Dequidt, Christian Duriez, S. Cotin",553-560,/chapter/10.1007/978-3-642-33415-3_68,2012.0,1,category: other
68,Real-Time 3D Image Segmentation by User-Constrained Template Deformation,"Benoît Mory, Oudom Somphone, Raphael Prevost, Roberto Ardon",561-568,/chapter/10.1007/978-3-642-33415-3_69,2012.0,1,category: other
69,"Prior Knowledge, Random Walks and Human Skeletal Muscle Segmentation","P. -Y. Baudin, N. Azzabou, P. G. Carlier, Nikos Paragios",569-576,/chapter/10.1007/978-3-642-33415-3_70,2012.0,1,category: other
70,Similarity-Based Appearance-Prior for Fitting a Subdivision Mesh in Gene Expression Images,"Yen H. Le, Uday Kurkure, Nikos Paragios, Tao Ju, James P. Carson, Ioannis A. Kakadiaris",577-584,/chapter/10.1007/978-3-642-33415-3_71,2012.0,1,category: other
71,Learning Context Cues for Synapse Segmentation in EM Volumes,"Carlos Becker, Karim Ali, Graham Knott, Pascal Fua",585-592,/chapter/10.1007/978-3-642-33415-3_72,2012.0,1,category: other
72,Estimation of the Prior Distribution of Ground Truth in the STAPLE Algorithm: An Empirical Bayesian Approach,"Alireza Akhondi-Asl, Simon K. Warfield",593-600,/chapter/10.1007/978-3-642-33415-3_73,2012.0,1,category: other
73,Unified Geometry and Topology Correction for Cortical Surface Reconstruction with Intrinsic Reeb Analysis,"Yonggang Shi, Rongjie Lai, Arthur W. Toga",601-608,/chapter/10.1007/978-3-642-33415-3_74,2012.0,1,category: other
74,Automatic Detection and Classification of Teeth in CT Data,"Nguyen The Duy, Hans Lamecker, Dagmar Kainmueller, Stefan Zachow",609-616,/chapter/10.1007/978-3-642-33415-3_75,2012.0,1,category: unknown
75,Strain-Based Regional Nonlinear Cardiac Material Properties Estimation from Medical Images,"Ken C. L. Wong, Jatin Relan, Linwei Wang, Maxime Sermesant, Hervé Delingette, Nicholas Ayache et al.",617-624,/chapter/10.1007/978-3-642-33415-3_76,2012.0,1,category: unknown
76,Frangi Goes US : Multiscale Tubular Structure Detection Adapted to 3D Ultrasound,"Paulo Waelkens, Seyed-Ahmad Ahmadi, Nassir Navab",625-633,/chapter/10.1007/978-3-642-33415-3_77,2012.0,1,category: classification
77,Limited Angle C-Arm Tomography and Segmentation for Guidance of Atrial Fibrillation Ablation Procedures,"Dirk Schäfer, Carsten Meyer, Roland Bullens, Axel Saalbach, Peter Eshuis",634-641,/chapter/10.1007/978-3-642-33415-3_78,2012.0,1,category: other
78,Automatic Non-rigid Temporal Alignment of IVUS Sequences,"Marina Alberti, Simone Balocco, Xavier Carrillo, Josepa Mauri, Petia Radeva",642-650,/chapter/10.1007/978-3-642-33415-3_79,2012.0,1,category: unknown
79,Stochastic 3D Motion Compensation of Coronary Arteries from Monoplane Angiograms,"Jonathan Hadida, Christian Desrosiers, Luc Duong",651-658,/chapter/10.1007/978-3-642-33415-3_80,2012.0,1,category: other
80,A Fast Convex Optimization Approach to Segmenting 3D Scar Tissue from Delayed-Enhancement Cardiac MR Images,"Martin Rajchl, Jing Yuan, James A. White, Cyrus M. S. Nambakhsh, Eranga Ukwatta, Feng Li et al.",659-666,/chapter/10.1007/978-3-642-33415-3_81,2012.0,1,category: other
81,Robust Motion Correction in the Frequency Domain of Cardiac MR Stress Perfusion Sequences,"Vikas Gupta, Martijn van de Giessen, Hortense Kirişli, Sharon W. Kirschbaum, Wiro J. Niessen, Boudewijn P. F. Lelieveldt",667-674,/chapter/10.1007/978-3-642-33415-3_82,2012.0,1,category: other
82,Localization of Sparse Transmural Excitation Stimuli from Surface Mapping,"Jingjia Xu, Azar Rahimi Dehaghani, Fei Gao, Linwei Wang",675-682,/chapter/10.1007/978-3-642-33415-3_83,2012.0,1,category: classification
83,Automated Intraventricular Septum Segmentation Using Non-local Spatio-temporal Priors,"Mithun Das Gupta, Sheshadri Thiruvenkadam, Navneeth Subramanian, Satish Govind",683-690,/chapter/10.1007/978-3-642-33415-3_84,2012.0,1,category: other
84,Active Shape Model with Inter-profile Modeling Paradigm for Cardiac Right Ventricle Segmentation,"Mohammed S. ElBaz, Ahmed S. Fahmy",691-698,/chapter/10.1007/978-3-642-33415-3_85,2012.0,1,category: other
85,Tractometer: Online Evaluation System for Tractography,"Marc-Alexandre Côté, Arnaud Boré, Gabriel Girard, Jean-Christophe Houde, Maxime Descoteaux",699-706,/chapter/10.1007/978-3-642-33415-3_86,2012.0,1,category: other
86,A Novel Sparse Graphical Approach for Multimodal Brain Connectivity Inference,"Bernard Ng, Gaël Varoquaux, Jean-Baptiste Poline, Bertrand Thirion",707-714,/chapter/10.1007/978-3-642-33415-3_87,2012.0,1,category: classification
87,From Brain Connectivity Models to Identifying Foci of a Neurological Disorder,"Archana Venkataraman, Marek Kubicki, Polina Golland",715-722,/chapter/10.1007/978-3-642-33415-3_88,2012.0,1,category: unknown
88,Deriving Statistical Significance Maps for SVM Based Image Classification and Group Comparisons,"Bilwaj Gaonkar, Christos Davatzikos",723-730,/chapter/10.1007/978-3-642-33415-3_89,2012.0,1,category: classification
89,Analysis of Longitudinal Shape Variability via Subject Specific Growth Modeling,"James Fishbaugh, Marcel Prastawa, Stanley Durrleman, Joseph Piven, Guido Gerig",731-738,/chapter/10.1007/978-3-642-33415-3_90,2012.0,1,category: classification
90,Regional Flux Analysis of Longitudinal Atrophy in Alzheimer’s Disease,"Marco Lorenzi, Nicholas Ayache, Xavier Pennec",739-746,/chapter/10.1007/978-3-642-33415-3_91,2012.0,1,category: classification
91,Automatic Multi-model-Based Segmentation of the Left Atrium in Cardiac MRI Scans,"Dominik Kutra, Axel Saalbach, Helko Lehmann, Alexandra Groth, Sebastian P. M. Dries, Martin W. Krueger et al.",1-8,/chapter/10.1007/978-3-642-33418-4_1,2012.0,2,category: other
92,Curvilinear Structure Enhancement with the Polygonal Path Image - Application to Guide-Wire Segmentation in X-Ray Fluoroscopy,"Vincent Bismuth, Régis Vaillant, Hugues Talbot, Laurent Najman",9-16,/chapter/10.1007/978-3-642-33418-4_2,2012.0,2,category: other
93,Catheter Tracking via Online Learning for Dynamic Motion Compensation in Transcatheter Aortic Valve Implantation,"Peng Wang, Yefeng Zheng, Matthias John, Dorin Comaniciu",17-24,/chapter/10.1007/978-3-642-33418-4_3,2012.0,2,category: other
94,Evaluation of a Real-Time Hybrid Three-Dimensional Echo and X-Ray Imaging System for Guidance of Cardiac Catheterisation Procedures,"R. J. Housden, A. Arujuna, Y. Ma, N. Nijhof, G. Gijsbers, R. Bullens et al.",25-32,/chapter/10.1007/978-3-642-33418-4_4,2012.0,2,category: unknown
95,LBM-EP: Lattice-Boltzmann Method for Fast Cardiac Electrophysiology Simulation from 3D Images,"S. Rapaka, T. Mansi, B. Georgescu, M. Pop, G. A. Wright, A. Kamen et al.",33-40,/chapter/10.1007/978-3-642-33418-4_5,2012.0,2,category: unknown
96,Cardiac Mechanical Parameter Calibration Based on the Unscented Transform,"Stéphanie Marchesseau, Hervé Delingette, Maxime Sermesant, Kawal Rhode, Simon G. Duckett, C. Aldo Rinaldi et al.",41-48,/chapter/10.1007/978-3-642-33418-4_6,2012.0,2,category: classification
97,Temporal Shape Analysis via the Spectral Signature,"Elena Bernardis, Ender Konukoglu, Yangming Ou, Dimitris N. Metaxas, Benoit Desjardins, Kilian M. Pohl",49-56,/chapter/10.1007/978-3-642-33418-4_7,2012.0,2,category: classification
98,Joint T1 and Brain Fiber Log-Demons Registration Using Currents to Model Geometry,"Viviana Siless, Joan Glaunès, Pamela Guevara, Jean-François Mangin, Cyril Poupon, Denis Le Bihan et al.",57-65,/chapter/10.1007/978-3-642-33418-4_8,2012.0,2,category: unknown
99,Automated Skeleton Based Multi-modal Deformable Registration of Head&Neck Datasets,"Sebastian Steger, Stefan Wesarg",66-73,/chapter/10.1007/978-3-642-33418-4_9,2012.0,2,category: other
100,Lung Registration with Improved Fissure Alignment by Integration of Pulmonary Lobe Segmentation,"Alexander Schmidt-Richberg, Jan Ehrhardt, René Werner, Heinz Handels",74-81,/chapter/10.1007/978-3-642-33418-4_10,2012.0,2,category: other
101,3D Ultrasound-CT Registration in Orthopaedic Trauma Using GMM Registration with Optimized Particle Simulation-Based Data Reduction,"Ilker Hacihaliloglu, Anna Brounstein, Pierre Guy, Antony Hodgson, Rafeef Abugharbieh",82-89,/chapter/10.1007/978-3-642-33418-4_11,2012.0,2,category: unknown
102,Hierarchical Attribute-Guided Symmetric Diffeomorphic Registration for MR Brain Images,"Guorong Wu, Minjeong Kim, Qian Wang, Dinggang Shen",90-97,/chapter/10.1007/978-3-642-33418-4_12,2012.0,2,category: unknown
103,Uncertainty-Based Feature Learning for Skin Lesion Matching Using a High Order MRF Optimization Framework,"Hengameh Mirzaalian, Tim K. Lee, Ghassan Hamarneh",98-105,/chapter/10.1007/978-3-642-33418-4_13,2012.0,2,category: classification
104,Automatic Categorization of Anatomical Landmark-Local Appearances Based on Diffeomorphic Demons and Spectral Clustering for Constructing Detector Ensembles,"Shouhei Hanaoka, Yoshitaka Masutani, Mitsutaka Nemoto, Yukihiro Nomura, Takeharu Yoshikawa, Naoto Hayashi et al.",106-113,/chapter/10.1007/978-3-642-33418-4_14,2012.0,2,category: other
105,A Novel Approach for Global Lung Registration Using 3D Markov-Gibbs Appearance Model,"Ayman El-Baz, Fahmi Khalifa, Ahmed Elnakib, Matthew Nitzken, Ahmed Soliman, Patrick McClure et al.",114-121,/chapter/10.1007/978-3-642-33418-4_15,2012.0,2,category: classification
106,Analytic Regularization of Uniform Cubic B-spline Deformation Fields,"James A. Shackleford, Qi Yang, Ana M. Lourenço, Nadya Shusharina, Nagarajan Kandasamy, Gregory C. Sharp",122-129,/chapter/10.1007/978-3-642-33418-4_16,2012.0,2,category: classification
107,Simultaneous Multiscale Polyaffine Registration by Incorporating Deformation Statistics,"Christof Seiler, Xavier Pennec, Mauricio Reyes",130-137,/chapter/10.1007/978-3-642-33418-4_17,2012.0,2,category: unknown
108,Fast Diffusion Tensor Registration with Exact Reorientation and Regularization,"Junning Li, Yonggang Shi, Giang Tran, Ivo Dinov, Danny J. J. Wang, Arthur W. Toga",138-145,/chapter/10.1007/978-3-642-33418-4_18,2012.0,2,category: unknown
109,Registration of Brainstem Surfaces in Adolescent Idiopathic Scoliosis Using Discrete Ricci Flow,"Minqi Zhang, Fang Li, Ying He, Shi Lin, Defeng Wang, Lok Ming Lui",146-154,/chapter/10.1007/978-3-642-33418-4_19,2012.0,2,category: unknown
110,Groupwise Rigid Registration of Wrist Bones,"Martijn van de Giessen, Frans M. Vos, Cornelis A. Grimbergen, Lucas J. van Vliet, Geert J. Streekstra",155-162,/chapter/10.1007/978-3-642-33418-4_20,2012.0,2,category: unknown
111,Automated Diffeomorphic Registration of Anatomical Structures with Rigid Parts: Application to Dynamic Cervical MRI,"Olivier Commowick, Nicolas Wiest-Daesslé, Sylvain Prima",163-170,/chapter/10.1007/978-3-642-33418-4_21,2012.0,2,category: unknown
112,Large Deformation Diffeomorphic Registration of Diffusion-Weighted Images,"Pei Zhang, Marc Niethammer, Dinggang Shen, Pew-Thian Yap",171-178,/chapter/10.1007/978-3-642-33418-4_22,2012.0,2,category: unknown
113,Prediction of Brain MR Scans in Longitudinal Tumor Follow-Up Studies,"Lior Weizman, Liat Ben-Sira, Leo Joskowicz, Orna Aizenstein, Ben Shofty, Shlomi Constantini et al.",179-187,/chapter/10.1007/978-3-642-33418-4_23,2012.0,2,category: classification
114,Resting-State FMRI Single Subject Cortical Parcellation Based on Region Growing,"Thomas Blumensath, Timothy E. J. Behrens, Stephen M. Smith",188-195,/chapter/10.1007/978-3-642-33418-4_24,2012.0,2,category: other
115,A Framework for Quantifying Node-Level Community Structure Group Differences in Brain Connectivity Networks,"Johnson J. GadElkarim, Dan Schonfeld, Olusola Ajilore, Liang Zhan, Aifeng F. Zhang, Jamie D. Feusner et al.",196-203,/chapter/10.1007/978-3-642-33418-4_25,2012.0,2,category: unknown
116,A Feature-Based Developmental Model of the Infant Brain in Structural MRI,"Matthew Toews, William M. Wells III, Lilla Zöllei",204-211,/chapter/10.1007/978-3-642-33418-4_26,2012.0,2,category: classification
117,Constrained Sparse Functional Connectivity Networks for MCI Classification,"Chong-Yaw Wee, Pew-Thian Yap, Daoqiang Zhang, Lihong Wang, Dinggang Shen",212-219,/chapter/10.1007/978-3-642-33418-4_27,2012.0,2,category: classification
118,MR-Less Surface-Based Amyloid Estimation by Subject-Specific Atlas Selection and Bayesian Fusion,"Luping Zhou, Olivier Salvado, Vincent Dore, Pierrick Bourgeat, Parnesh Raniga, Victor L. Villemagne et al.",220-227,/chapter/10.1007/978-3-642-33418-4_28,2012.0,2,category: classification
119,Hierarchical Structural Mapping for Globally Optimized Estimation of Functional Networks,"Alex D. Leow, Liang Zhan, Donatello Arienzo, Johnson J. GadElkarim, Aifeng F. Zhang, Olusola Ajilore et al.",228-236,/chapter/10.1007/978-3-642-33418-4_29,2012.0,2,category: classification
120,Characterization of Task-Free/Task-Performance Brain States,"Xin Zhang, Lei Guo, Xiang Li, Dajiang Zhu, Kaiming Li, Zhenqiang Sun et al.",237-245,/chapter/10.1007/978-3-642-33418-4_30,2012.0,2,category: unknown
121,Quantitative Evaluation of Statistical Inference in Resting State Functional MRI,"Xue Yang, Hakmook Kang, Allen Newton, Bennett A. Landman",246-253,/chapter/10.1007/978-3-642-33418-4_31,2012.0,2,category: classification
122,Identifying Sub-Populations via Unsupervised Cluster Analysis on Multi-Edge Similarity Graphs,"Madhura Ingalhalikar, Alex R. Smith, Luke Bloy, Ruben Gur, Timothy P. L. Roberts, Ragini Verma",254-261,/chapter/10.1007/978-3-642-33418-4_32,2012.0,2,category: classification
123,Geodesic Information Flows,"M. Jorge Cardoso, Robin Wolz, Marc Modat, Nick C. Fox, Daniel Rueckert, Sebastien Ourselin",262-270,/chapter/10.1007/978-3-642-33418-4_33,2012.0,2,category: classification
124,Group-Wise Consistent Parcellation of Gyri via Adaptive Multi-view Spectral Clustering of Fiber Shapes,"Hanbo Chen, Xiao Cai, Dajiang Zhu, Feiping Nie, Tianming Liu, Heng Huang",271-279,/chapter/10.1007/978-3-642-33418-4_34,2012.0,2,category: other
125,Extracting Quantitative Measures from EAP: A Small Clinical Study Using BFOR,"A. Pasha Hosseinbor, Moo K. Chung, Yu-Chien Wu, John O. Fleming, Aaron S. Field, Andrew L. Alexander",280-287,/chapter/10.1007/978-3-642-33418-4_35,2012.0,2,category: unknown
126,Sparse DSI: Learning DSI Structure for Denoising and Fast Imaging,"Alexandre Gramfort, Cyril Poupon, Maxime Descoteaux",288-296,/chapter/10.1007/978-3-642-33418-4_36,2012.0,2,category: classification
127,Fiber Density Estimation by Tensor Divergence,"Marco Reisert, Henrik Skibbe, Valerij G. Kiselev",297-304,/chapter/10.1007/978-3-642-33418-4_37,2012.0,2,category: other
128,Estimation of Extracellular Volume from Regularized Multi-shell Diffusion MRI,"Ofer Pasternak, Martha E. Shenton, Carl-Fredrik Westin",305-312,/chapter/10.1007/978-3-642-33418-4_38,2012.0,2,category: classification
129,Nonnegative Definite EAP and ODF Estimation via a Unified Multi-shell HARDI Reconstruction,"Jian Cheng, Tianzi Jiang, Rachid Deriche",313-321,/chapter/10.1007/978-3-642-33418-4_39,2012.0,2,category: other
130,Estimation of Non-negative ODFs Using the Eigenvalue Distribution of Spherical Functions,"Evan Schwab, Bijan Afsari, René Vidal",322-330,/chapter/10.1007/978-3-642-33418-4_40,2012.0,2,category: classification
131,Spatial Warping of DWI Data Using Sparse Representation,"Pew-Thian Yap, Dinggang Shen",331-338,/chapter/10.1007/978-3-642-33418-4_41,2012.0,2,category: unknown
132,Tractography via the Ensemble Average Propagator in Diffusion MRI,"Sylvain Merlet, Anne-Charlotte Philippe, Rachid Deriche, Maxime Descoteaux",339-346,/chapter/10.1007/978-3-642-33418-4_42,2012.0,2,category: other
133,A 4D Statistical Shape Model for Automated Segmentation of Lungs with Large Tumors,"Matthias Wilms, Jan Ehrhardt, Heinz Handels",347-354,/chapter/10.1007/978-3-642-33418-4_43,2012.0,2,category: other
134,Closed-Form Relaxation for MRF-MAP Tissue Classification Using Discrete Laplace Equations,Alexis Roche,355-362,/chapter/10.1007/978-3-642-33418-4_44,2012.0,2,category: other
135,Anatomical Structures Segmentation by Spherical 3D Ray Casting and Gradient Domain Editing,"A. Kronman, Leo Joskowicz, J. Sosna",363-370,/chapter/10.1007/978-3-642-33418-4_45,2012.0,2,category: other
136,Segmentation of the Pectoral Muscle in Breast MRI Using Atlas-Based Approaches,"Albert Gubern-Mérida, Michiel Kallenberg, Robert Martí, Nico Karssemeijer",371-378,/chapter/10.1007/978-3-642-33418-4_46,2012.0,2,category: other
137,Hierarchical Conditional Random Fields for Detection of Gad-Enhancing Lesions in Multiple Sclerosis,"Zahra Karimaghaloo, Douglas L. Arnold, D. Louis Collins, Tal Arbel",379-386,/chapter/10.1007/978-3-642-33418-4_47,2012.0,2,category: classification
138,Simplified Labeling Process for Medical Image Segmentation,"Mingchen Gao, Junzhou Huang, Xiaolei Huang, Shaoting Zhang, Dimitris N. Metaxas",387-394,/chapter/10.1007/978-3-642-33418-4_48,2012.0,2,category: other
139,Liver Segmentation Approach Using Graph Cuts and Iteratively Estimated Shape and Intensity Constrains,"Ahmed Afifi, Toshiya Nakaguchi",395-403,/chapter/10.1007/978-3-642-33418-4_49,2012.0,2,category: other
140,Multi-Object Geodesic Active Contours (MOGAC),"Blake C. Lucas, Michael Kazhdan, Russell H. Taylor",404-412,/chapter/10.1007/978-3-642-33418-4_50,2012.0,2,category: other
141,A Pattern Recognition Approach to Zonal Segmentation of the Prostate on MRI,"Geert Litjens, Oscar Debats, Wendy van de Ven, Nico Karssemeijer, Henkjan Huisman",413-420,/chapter/10.1007/978-3-642-33418-4_51,2012.0,2,category: other
142,Statistical Shape Model Segmentation and Frequency Mapping of Cochlear Implant Stimulation Targets in CT,"Jack H. Noble, René H. Gifford, Robert F. Labadie, Benoît M. Dawant",421-428,/chapter/10.1007/978-3-642-33418-4_52,2012.0,2,category: other
143,Guiding Automatic Segmentation with Multiple Manual Segmentations,"Hongzhi Wang, Paul A. Yushkevich",429-436,/chapter/10.1007/978-3-642-33418-4_53,2012.0,2,category: other
144,Atlas-Based Probabilistic Fibroglandular Tissue Segmentation in Breast MRI,"Shandong Wu, Susan Weinstein, Despina Kontos",437-445,/chapter/10.1007/978-3-642-33418-4_54,2012.0,2,category: other
145,Fast 3D Spine Reconstruction of Postoperative Patients Using a Multilevel Statistical Model,"Fabian Lecron, Jonathan Boisvert, Saïd Mahmoudi, Hubert Labelle, Mohammed Benjelloun",446-453,/chapter/10.1007/978-3-642-33418-4_55,2012.0,2,category: other
146,Probabilistic Segmentation of the Lumen from Intravascular Ultrasound Radio Frequency Data,"E. Gerardo Mendizabal-Ruiz, Ioannis A. Kakadiaris",454-461,/chapter/10.1007/978-3-642-33418-4_56,2012.0,2,category: other
147,Precise Segmentation of Multiple Organs in CT Volumes Using Learning-Based Approach and Information Theory,"Chao Lu, Yefeng Zheng, Neil Birkbeck, Jingdan Zhang, Timo Kohlberger, Christian Tietjen et al.",462-469,/chapter/10.1007/978-3-642-33418-4_57,2012.0,2,category: unknown
148,A Study on Graphical Model Structure for Representing Statistical Shape Model of Point Distribution Model,"Yoshihide Sawada, Hidekata Hontani",470-477,/chapter/10.1007/978-3-642-33418-4_58,2012.0,2,category: unknown
149,Quality Metric for Parasternal Long Axis B-Mode Echocardiograms,"Sri-Kaushik Pavani, Navneeth Subramanian, Mithun Das Gupta, Pavan Annangi, Satish C. Govind, Brian Young",478-485,/chapter/10.1007/978-3-642-33418-4_59,2012.0,2,category: unknown
150,Hemodynamic Assessment of Pre- and Post-operative Aortic Coarctation from MRI,"Kristóf Ralovich, Lucian Itu, Viorel Mihalef, Puneet Sharma, Razvan Ionasec, Dime Vitanovski et al.",486-493,/chapter/10.1007/978-3-642-33418-4_60,2012.0,2,category: classification
151,Linear Invariant Tensor Interpolation Applied to Cardiac Diffusion Tensor MRI,"Jin Kyu Gahm, Nicholas Wisniewski, Gordon Kindlmann, Geoffrey L. Kung, William S. Klug, Alan Garfinkel et al.",494-501,/chapter/10.1007/978-3-642-33418-4_61,2012.0,2,category: unknown
152,Morphological Analysis of the Left Ventricular Endocardial Surface and Its Clinical Implications,"Anirban Mukhopadhyay, Zhen Qian, Suchendra M. Bhandarkar, Tianming Liu, Sarah Rinehart, Szilard Voros",502-510,/chapter/10.1007/978-3-642-33418-4_62,2012.0,2,category: classification
153,Prior-Based Automatic Segmentation of the Carotid Artery Lumen in TOF MRA (PASCAL),"Jana Hutter, Hannes G. Hofmann, Robert Grimm, Andreas Greiser, Marc Saake, Joachim Hornegger et al.",511-518,/chapter/10.1007/978-3-642-33418-4_63,2012.0,2,category: other
154,A Convex Relaxation Approach to Fat/Water Separation with Minimum Label Description,"Abraam S. Soliman, Jing Yuan, James A. White, Terry M. Peters, Charles A. McKenzie",519-526,/chapter/10.1007/978-3-642-33418-4_64,2012.0,2,category: classification
155,Regional Heart Motion Abnormality Detection via Multiview Fusion,"Kumaradevan Punithakumar, Ismail Ben Ayed, Ali Islam, Aashish Goela, Shuo Li",527-534,/chapter/10.1007/978-3-642-33418-4_65,2012.0,2,category: classification
156,Global Assessment of Cardiac Function Using Image Statistics in MRI,"Mariam Afshin, Ismail Ben Ayed, Ali Islam, Aashish Goela, Terry M. Peters, Shuo Li",535-543,/chapter/10.1007/978-3-642-33418-4_66,2012.0,2,category: other
157,Ultrasound and Fluoroscopic Images Fusion by Autonomous Ultrasound Probe Detection,"Peter Mountney, Razvan Ionasec, Markus Kaizer, Sina Mamaghani, Wen Wu, Terrence Chen et al.",544-551,/chapter/10.1007/978-3-642-33418-4_67,2012.0,2,category: classification
158,Direct 3D Ultrasound to Video Registration Using Photoacoustic Effect,"Alexis Cheng, Jin U. Kang, Russell H. Taylor, Emad M. Boctor",552-559,/chapter/10.1007/978-3-642-33418-4_68,2012.0,2,category: unknown
159,Assessment of Navigation Cues with Proximal Force Sensing during Endovascular Catheterization,"Hedyeh Rafii-Tari, Christopher J. Payne, Celia Riga, Colin Bicknell, Su-Lin Lee, Guang-Zhong Yang",560-567,/chapter/10.1007/978-3-642-33418-4_69,2012.0,2,category: unknown
160,Data-Driven Visual Tracking in Retinal Microsurgery,"Raphael Sznitman, Karim Ali, Rogério Richa, Russell H. Taylor, Gregory D. Hager, Pascal Fua",568-575,/chapter/10.1007/978-3-642-33418-4_70,2012.0,2,category: other
161,Real-Time Motion Compensated Patient Positioning and Non-rigid Deformation Estimation Using 4-D Shape Priors,"Jakob Wasza, Sebastian Bauer, Joachim Hornegger",576-583,/chapter/10.1007/978-3-642-33418-4_71,2012.0,2,category: other
162,Semi-automatic Catheter Reconstruction from Two Views,"Matthias Hoffmann, Alexander Brost, Carolin Jakob, Felix Bourier, Martin Koch, Klaus Kurzidim et al.",584-591,/chapter/10.1007/978-3-642-33418-4_72,2012.0,2,category: classification
163,Feature Classification for Tracking Articulated Surgical Tools,"Austin Reiter, Peter K. Allen, Tao Zhao",592-600,/chapter/10.1007/978-3-642-33418-4_73,2012.0,2,category: classification
164,Image-Based Tracking of the Teeth for Orthodontic Augmented Reality,"André Aichert, Wolfgang Wein, Alexander Ladikos, Tobias Reichl, Nassir Navab",601-608,/chapter/10.1007/978-3-642-33418-4_74,2012.0,2,category: other
165,Intra-op Measurement of the Mechanical Axis Deviation: An Evaluation Study on 19 Human Cadaver Legs,"Lejing Wang, Pascal Fallavollita, Alexander Brand, Okan Erat, Simon Weidert, Peter-Helmut Thaller et al.",609-616,/chapter/10.1007/978-3-642-33418-4_75,2012.0,2,category: unknown
166,Real-Time Quantitative Elasticity Imaging of Deep Tissue Using Free-Hand Conventional Ultrasound,"Ali Baghani, Hani Eskandari, Weiqi Wang, Daniel Da Costa, Mohamed Nabil Lathiff, Ramin Sahebjavaher et al.",617-624,/chapter/10.1007/978-3-642-33418-4_76,2012.0,2,category: unknown
167,A Comparative Study of Correspondence-Search Algorithms in MIS Images,"Gustavo A. Puerto, Gian-Luca Mariottini",625-633,/chapter/10.1007/978-3-642-33418-4_77,2012.0,2,category: unknown
168,3D Reconstruction in Laparoscopy with Close-Range Photometric Stereo,"Toby Collins, Adrien Bartoli",634-642,/chapter/10.1007/978-3-642-33418-4_78,2012.0,2,category: other
169,Registration Accuracy: How Good Is Good Enough? A Statistical Power Calculation Incorporating Image Registration Uncertainty,"Eli Gibson, Aaron Fenster, Aaron D. Ward",643-650,/chapter/10.1007/978-3-642-33418-4_79,2012.0,2,category: classification
170,Joint Tumor Segmentation and Dense Deformable Registration of Brain MR Images,"Sarah Parisot, Hugues Duffau, Stéphane Chemouny, Nikos Paragios",651-658,/chapter/10.1007/978-3-642-33418-4_80,2012.0,2,category: other
171,Registration Using Sparse Free-Form Deformations,"Wenzhe Shi, Xiahai Zhuang, Luis Pizarro, Wenjia Bai, Haiyan Wang, Kai-Pin Tung et al.",659-666,/chapter/10.1007/978-3-642-33418-4_81,2012.0,2,category: unknown
172,Registration of 3D Fetal Brain US and MRI,"Maria Kuklisova-Murgasova, Amalia Cifor, Raffaele Napolitano, Aris Papageorghiou, Gerardine Quaghebeur, J. Alison Noble et al.",667-674,/chapter/10.1007/978-3-642-33418-4_82,2012.0,2,category: other
173,Accelerated Diffusion Spectrum Imaging with Compressed Sensing Using Adaptive Dictionaries,"Berkin Bilgic, Kawin Setsompop, Julien Cohen-Adad, Van Wedeen, Lawrence L. Wald, Elfar Adalsteinsson",1-9,/chapter/10.1007/978-3-642-33454-2_1,2012.0,3,category: classification
174,Parametric Dictionary Learning for Modeling EAP and ODF in Diffusion MRI,"Sylvain Merlet, Emmanuel Caruyer, Rachid Deriche",10-17,/chapter/10.1007/978-3-642-33454-2_2,2012.0,3,category: classification
175,Resolution Enhancement of Diffusion-Weighted Images by Local Fiber Profiling,"Pew-Thian Yap, Dinggang Shen",18-25,/chapter/10.1007/978-3-642-33454-2_3,2012.0,3,category: other
176,Geodesic Shape-Based Averaging,"M. Jorge Cardoso, Gavin Winston, Marc Modat, Shiva Keihaninejad, John Duncan, Sebastien Ourselin",26-33,/chapter/10.1007/978-3-642-33454-2_4,2012.0,3,category: unknown
177,Multi-scale Characterization of White Matter Tract Geometry,"Peter Savadjiev, Yogesh Rathi, Sylvain Bouix, Ragini Verma, Carl-Fredrik Westin",34-41,/chapter/10.1007/978-3-642-33454-2_5,2012.0,3,category: classification
178,Optimization of Acquisition Geometry for Intra-operative Tomographic Imaging,"Jakob Vogel, Tobias Reichl, José Gardiazabal, Nassir Navab, Tobias Lasser",42-49,/chapter/10.1007/978-3-642-33454-2_6,2012.0,3,category: other
179,Incorporating Parameter Uncertainty in Bayesian Segmentation Models: Application to Hippocampal Subfield Volumetry,"Juan Eugenio Iglesias, Mert Rory Sabuncu, Koen Van Leemput",50-57,/chapter/10.1007/978-3-642-33454-2_7,2012.0,3,category: other
180,A Dynamical Appearance Model Based on Multiscale Sparse Representation: Segmentation of the Left Ventricle from 4D Echocardiography,"Xiaojie Huang, Donald P. Dione, Colin B. Compas, Xenophon Papademetris, Ben A. Lin, Albert J. Sinusas et al.",58-65,/chapter/10.1007/978-3-642-33454-2_8,2012.0,3,category: other
181,Automatic Detection and Segmentation of Kidneys in 3D CT Images Using Random Forests,"Rémi Cuingnet, Raphael Prevost, David Lesage, Laurent D. Cohen, Benoît Mory, Roberto Ardon",66-74,/chapter/10.1007/978-3-642-33454-2_9,2012.0,3,category: other
182,Neighbourhood Approximation Forests,"Ender Konukoglu, Ben Glocker, Darko Zikic, Antonio Criminisi",75-82,/chapter/10.1007/978-3-642-33454-2_10,2012.0,3,category: classification
183,Recognition in Ultrasound Videos: Where Am I?,"Roland Kwitt, Nuno Vasconcelos, Sharif Razzaque, Stephen Aylward",83-90,/chapter/10.1007/978-3-642-33454-2_11,2012.0,3,category: unknown
184,Self-similarity Weighted Mutual Information: A New Nonrigid Image Registration Metric,"Hassan Rivaz, D. Louis Collins",91-98,/chapter/10.1007/978-3-642-33454-2_12,2012.0,3,category: unknown
185,Inter-Point Procrustes: Identifying Regional and Large Differences in 3D Anatomical Shapes,"Karim Lekadir, Alejandro F. Frangi, Guang-Zhong Yang",99-106,/chapter/10.1007/978-3-642-33454-2_13,2012.0,3,category: other
186,Selection of Optimal Hyper-Parameters for Estimation of Uncertainty in MRI-TRUS Registration of the Prostate,"Petter Risholm, Firdaus Janoos, Jennifer Pursley, Andriy Fedorov, Clare Tempany, Robert A. Cormack et al.",107-114,/chapter/10.1007/978-3-642-33454-2_14,2012.0,3,category: unknown
187,Globally Optimal Deformable Registration on a Minimum Spanning Tree Using Dense Displacement Sampling,"Mattias P. Heinrich, Mark Jenkinson, Sir Michael Brady, Julia A. Schnabel",115-122,/chapter/10.1007/978-3-642-33454-2_15,2012.0,3,category: other
188,Unbiased Groupwise Registration of White Matter Tractography,"Lauren J. O’Donnell, William M. Wells III, Alexandra J. Golby, Carl-Fredrik Westin",123-130,/chapter/10.1007/978-3-642-33454-2_16,2012.0,3,category: other
189,Regional Manifold Learning for Deformable Registration of Brain MR Images,"Dong Hye Ye, Jihun Hamm, Dongjin Kwon, Christos Davatzikos, Kilian M. Pohl",131-138,/chapter/10.1007/978-3-642-33454-2_17,2012.0,3,category: classification
190,Estimation and Reduction of Target Registration Error,"Ryan D. Datteri, Benoît M. Dawant",139-146,/chapter/10.1007/978-3-642-33454-2_18,2012.0,3,category: unknown
191,A Hierarchical Scheme for Geodesic Anatomical Labeling of Airway Trees,"Aasa Feragen, Jens Petersen, Megan Owen, Pechin Lo, Laura H. Thomsen, Mathilde M. W. Wille et al.",147-155,/chapter/10.1007/978-3-642-33454-2_19,2012.0,3,category: other
192,Initialising Groupwise Non-rigid Registration Using Multiple Parts+Geometry Models,"Pei Zhang, Pew-Thian Yap, Dinggang Shen, Timothy F. Cootes",156-163,/chapter/10.1007/978-3-642-33454-2_20,2012.0,3,category: unknown
193,An Efficient and Robust Algorithm for Parallel Groupwise Registration of Bone Surfaces,"Martijn van de Giessen, Frans M. Vos, Cornelis A. Grimbergen, Lucas J. van Vliet, Geert J. Streekstra",164-171,/chapter/10.1007/978-3-642-33454-2_21,2012.0,3,category: other
194,Realistic Head Model Design and 3D Brain Imaging of NIRS Signals Using Audio Stimuli on Preterm Neonates for Intra-Ventricular Hemorrhage Diagnosis,"Marc Fournier, Mahdi Mahmoudzadeh, Kamran Kazemi, Guy Kongolo, Ghislaine Dehaene-Lambertz, Reinhard Grebe et al.",172-179,/chapter/10.1007/978-3-642-33454-2_22,2012.0,3,category: classification
195,Hemodynamic-Informed Parcellation of fMRI Data in a Joint Detection Estimation Framework,"L. Chaari, F. Forbes, T. Vincent, P. Ciuciu",180-188,/chapter/10.1007/978-3-642-33454-2_23,2012.0,3,category: classification
196,Group Analysis of Resting-State fMRI by Hierarchical Markov Random Fields,"Wei Liu, Suyash P. Awate, P. Thomas Fletcher",189-196,/chapter/10.1007/978-3-642-33454-2_24,2012.0,3,category: unknown
197,Metamorphic Geodesic Regression,"Yi Hong, Sarang Joshi, Mar Sanchez, Martin Styner, Marc Niethammer",197-205,/chapter/10.1007/978-3-642-33454-2_25,2012.0,3,category: classification
198,Eigenanatomy Improves Detection Power for Longitudinal Cortical Change,"Brian Avants, Paramveer Dhillon, Benjamin M. Kandel, Philip A. Cook, Corey T. McMillan, Murray Grossman et al.",206-213,/chapter/10.1007/978-3-642-33454-2_26,2012.0,3,category: unknown
199,Optimization of fMRI-Derived ROIs Based on Coherent Functional Interaction Patterns,"Fan Deng, Dajiang Zhu, Tianming Liu",214-222,/chapter/10.1007/978-3-642-33454-2_27,2012.0,3,category: unknown
200,Topology Preserving Atlas Construction from Shape Data without Correspondence Using Sparse Parameters,"Stanley Durrleman, Marcel Prastawa, Julie R. Korenberg, Sarang Joshi, Alain Trouvé, Guido Gerig",223-230,/chapter/10.1007/978-3-642-33454-2_28,2012.0,3,category: other
201,Dominant Component Analysis of Electrophysiological Connectivity Networks,"Yasser Ghanbari, Luke Bloy, Kayhan Batmanghelich, Timothy P. L. Roberts, Ragini Verma",231-238,/chapter/10.1007/978-3-642-33454-2_29,2012.0,3,category: unknown
202,Tree-Guided Sparse Coding for Brain Disease Classification,"Manhua Liu, Daoqiang Zhang, Pew-Thian Yap, Dinggang Shen",239-247,/chapter/10.1007/978-3-642-33454-2_30,2012.0,3,category: classification
203,Improving Accuracy and Power with Transfer Learning Using a Meta-analytic Database,"Yannick Schwartz, Gaël Varoquaux, Christophe Pallier, Philippe Pinel, Jean-Baptiste Poline, Bertrand Thirion",248-255,/chapter/10.1007/978-3-642-33454-2_31,2012.0,3,category: classification
204,Radial Structure in the Preterm Cortex; Persistence of the Preterm Phenotype at Term Equivalent Age?,"Andrew Melbourne, Giles S. Kendall, M. Jorge Cardoso, Roxanna Gunney, Nicola J. Robertson, Neil Marlow et al.",256-263,/chapter/10.1007/978-3-642-33454-2_32,2012.0,3,category: unknown
205,Temporally-Constrained Group Sparse Learning for Longitudinal Data Analysis,"Daoqiang Zhang, Jun Liu, Dinggang Shen",264-271,/chapter/10.1007/978-3-642-33454-2_33,2012.0,3,category: classification
206,Feature Analysis for Parkinson’s Disease Detection Based on Transcranial Sonography Image,"Lei Chen, Johann Hagenah, Alfred Mertins",272-279,/chapter/10.1007/978-3-642-33454-2_34,2012.0,3,category: classification
207,Longitudinal Image Registration with Non-uniform Appearance Change,"Istvan Csapo, Brad Davis, Yundi Shi, Mar Sanchez, Martin Styner, Marc Niethammer",280-288,/chapter/10.1007/978-3-642-33454-2_35,2012.0,3,category: unknown
208,Cortical Folding Analysis on Patients with Alzheimer’s Disease and Mild Cognitive Impairment,"David M. Cash, Andrew Melbourne, Marc Modat, M. Jorge Cardoso, Matthew J. Clarkson, Nick C. Fox et al.",289-296,/chapter/10.1007/978-3-642-33454-2_36,2012.0,3,category: classification
209,Inferring Group-Wise Consistent Multimodal Brain Networks via Multi-view Spectral Clustering,"Hanbo Chen, Kaiming Li, Dajiang Zhu, Tuo Zhang, Changfeng Jin, Lei Guo et al.",297-304,/chapter/10.1007/978-3-642-33454-2_37,2012.0,3,category: unknown
210,Test-Retest Reliability of Graph Theory Measures of Structural Brain Connectivity,"Emily L. Dennis, Neda Jahanshad, Arthur W. Toga, Katie L. McMahon, Greig I. de Zubicaray, Nicholas G. Martin et al.",305-312,/chapter/10.1007/978-3-642-33454-2_38,2012.0,3,category: unknown
211,Registration and Analysis of White Matter Group Differences with a Multi-fiber Model,"Maxime Taquet, Benoît Scherrer, Olivier Commowick, Jurriaan Peters, Mustafa Sahin, Benoît Macq et al.",313-320,/chapter/10.1007/978-3-642-33454-2_39,2012.0,3,category: unknown
212,Scalable Tracing of Electron Micrographs by Fusing Top Down and Bottom Up Cues Using Hypergraph Diffusion,"Vignesh Jagadeesh, Min-Chi Shih, B. S. Manjunath, Kenneth Rose",321-328,/chapter/10.1007/978-3-642-33454-2_40,2012.0,3,category: unknown
213,A Diffusion Model for Detecting and Classifying Vesicle Fusion and Undocking Events,"Lorenz Berger, Majid Mirmehdi, Sam Reed, Jeremy Tavaré",329-336,/chapter/10.1007/978-3-642-33454-2_41,2012.0,3,category: classification
214,Efficient Scanning for EM Based Target Localization,"Raphael Sznitman, Aurelien Lucchi, Natasa Pjescic-Emedji, Graham Knott, Pascal Fua",337-344,/chapter/10.1007/978-3-642-33454-2_42,2012.0,3,category: other
215,Automated Tuberculosis Diagnosis Using Fluorescence Images from a Mobile Microscope,"Jeannette Chang, Pablo Arbeláez, Neil Switz, Clay Reber, Asa Tapley, J. Lucian Davis et al.",345-352,/chapter/10.1007/978-3-642-33454-2_43,2012.0,3,category: classification
216,Accurate Fully Automatic Femur Segmentation in Pelvic Radiographs Using Regression Voting,"C. Lindner, S. Thiagarajah, J. M. Wilkinson, arcOGEN Consortium, G. A. Wallis, Timothy F. Cootes",353-360,/chapter/10.1007/978-3-642-33454-2_44,2012.0,3,category: other
217,Automatic Location of Vertebrae on DXA Images Using Random Forest Regression,"M. G. Roberts, Timothy F. Cootes, J. E. Adams",361-368,/chapter/10.1007/978-3-642-33454-2_45,2012.0,3,category: unknown
218,Decision Forests for Tissue-Specific Segmentation of High-Grade Gliomas in Multi-channel MR,"Darko Zikic, Ben Glocker, Ender Konukoglu, Antonio Criminisi, C. Demiralp, J. Shotton et al.",369-376,/chapter/10.1007/978-3-642-33454-2_46,2012.0,3,category: other
219,Efficient Global Optimization Based 3D Carotid AB-LIB MRI Segmentation by Simultaneously Evolving Coupled Surfaces,"Eranga Ukwatta, Jing Yuan, Martin Rajchl, Aaron Fenster",377-384,/chapter/10.1007/978-3-642-33454-2_47,2012.0,3,category: other
220,Sparse Patch Based Prostate Segmentation in CT Images,"Shu Liao, Yaozong Gao, Dinggang Shen",385-392,/chapter/10.1007/978-3-642-33454-2_48,2012.0,3,category: other
221,Anatomical Landmark Detection Using Nearest Neighbor Matching and Submodular Optimization,"David Liu, S. Kevin Zhou",393-401,/chapter/10.1007/978-3-642-33454-2_49,2012.0,3,category: other
222,Integration of Local and Global Features for Anatomical Object Detection in Ultrasound,"Bahbibi Rahmatullah, Aris T. Papageorghiou, J. Alison Noble",402-409,/chapter/10.1007/978-3-642-33454-2_50,2012.0,3,category: unknown
223,Spectral Label Fusion,"Christian Wachinger, Polina Golland",410-417,/chapter/10.1007/978-3-642-33454-2_51,2012.0,3,category: other
224,Multi-Organ Segmentation with Missing Organs in Abdominal CT Images,"Miyuki Suzuki, Marius George Linguraru, Kazunori Okada",418-425,/chapter/10.1007/978-3-642-33454-2_52,2012.0,3,category: other
225,Non-local STAPLE: An Intensity-Driven Multi-atlas Rater Model,"Andrew J. Asman, Bennett A. Landman",426-434,/chapter/10.1007/978-3-642-33454-2_53,2012.0,3,category: other
226,Shape Prior Modeling Using Sparse Representation and Online Dictionary Learning,"Shaoting Zhang, Yiqiang Zhan, Yan Zhou, Mustafa Uzunbas, Dimitris N. Metaxas",435-442,/chapter/10.1007/978-3-642-33454-2_54,2012.0,3,category: classification
227,Detection of Substantia Nigra Echogenicities in 3D Transcranial Ultrasound for Early Diagnosis of Parkinson Disease,"Olivier Pauly, Seyed-Ahmad Ahmadi, Annika Plate, Kai Boetzel, Nassir Navab",443-450,/chapter/10.1007/978-3-642-33454-2_55,2012.0,3,category: classification
228,Prostate Segmentation by Sparse Representation Based Classification,"Yaozong Gao, Shu Liao, Dinggang Shen",451-458,/chapter/10.1007/978-3-642-33454-2_56,2012.0,3,category: classification
229,Co-segmentation of Functional and Anatomical Images,"Ulas Bagci, Jayaram K. Udupa, Jianhua Yao, Daniel J. Mollura",459-467,/chapter/10.1007/978-3-642-33454-2_57,2012.0,3,category: other
230,Using Multiparametric Data with Missing Features for Learning Patterns of Pathology,"Madhura Ingalhalikar, William A. Parker, Luke Bloy, Timothy P. L. Roberts, Ragini Verma",468-475,/chapter/10.1007/978-3-642-33454-2_58,2012.0,3,category: classification
231,Non-local Robust Detection of DTI White Matter Differences with Small Databases,"Olivier Commowick, Aymeric Stamm",476-484,/chapter/10.1007/978-3-642-33454-2_59,2012.0,3,category: classification
232,Group-Wise Consistent Fiber Clustering Based on Multimodal Connectional and Functional Profiles,"Bao Ge, Lei Guo, Tuo Zhang, Dajiang Zhu, Kaiming Li, Xintao Hu et al.",485-492,/chapter/10.1007/978-3-642-33454-2_60,2012.0,3,category: unknown
233,Learning a Reliable Estimate of the Number of Fiber Directions in Diffusion MRI,Thomas Schultz,493-500,/chapter/10.1007/978-3-642-33454-2_61,2012.0,3,category: unknown
234,Finding Similar 2D X-Ray Coronary Angiograms,"Tanveer Syeda-Mahmood, Fei Wang, R. Kumar, D. Beymer, Y. Zhang, Robert Lundstrom et al.",501-508,/chapter/10.1007/978-3-642-33454-2_62,2012.0,3,category: classification
235,Detection of Vertebral Body Fractures Based on Cortical Shell Unwrapping,"Jianhua Yao, Joseph E. Burns, Hector Munoz, Ronald M. Summers",509-516,/chapter/10.1007/978-3-642-33454-2_63,2012.0,3,category: classification
236,Multiscale Lung Texture Signature Learning Using the Riesz Transform,"Adrien Depeursinge, Antonio Foncubierta–Rodriguez, Dimitri Van de Ville, Henning Müller",517-524,/chapter/10.1007/978-3-642-33454-2_64,2012.0,3,category: classification
237,Blood Flow Simulation for the Liver after a Virtual Right Lobe Hepatectomy,"Harvey Ho, Keagan Sorrell, Adam Bartlett, Peter Hunter",525-532,/chapter/10.1007/978-3-642-33454-2_65,2012.0,3,category: classification
238,A Combinatorial Method for 3D Landmark-Based Morphometry: Application to the Study of Coronal Craniosynostosis,"Emeric Gioan, Kevin Sol, Gérard Subsol",533-541,/chapter/10.1007/978-3-642-33454-2_66,2012.0,3,category: unknown
239,A Comprehensive Framework for the Detection of Individual Brain Perfusion Abnormalities Using Arterial Spin Labeling,"Camille Maumet, Pierre Maurel, Jean-Christophe Ferré, Christian Barillot",542-549,/chapter/10.1007/978-3-642-33454-2_67,2012.0,3,category: classification
240,Automated Colorectal Cancer Diagnosis for Whole-Slice Histopathology,"Habil Kalkan, Marius Nap, Robert P. W. Duin, Marco Loog",550-557,/chapter/10.1007/978-3-642-33454-2_68,2012.0,3,category: classification
241,Patient-Adaptive Lesion Metabolism Analysis by Dynamic PET Images,"Fei Gao, Huafeng Liu, Pengcheng Shi",558-565,/chapter/10.1007/978-3-642-33454-2_69,2012.0,3,category: classification
242,A Personalized Biomechanical Model for Respiratory Motion Prediction,"B. Fuerst, T. Mansi, Jianwen Zhang, P. Khurd, J. Declerck, T. Boettger et al.",566-573,/chapter/10.1007/978-3-642-33454-2_70,2012.0,3,category: classification
243,Endoscope Distortion Correction Does Not (Easily) Improve Mucosa-Based Classification of Celiac Disease,"Jutta Hämmerle-Uhl, Yvonne Höller, Andreas Uhl, Andreas Vécsei",574-581,/chapter/10.1007/978-3-642-33454-2_71,2012.0,3,category: classification
244,Gaussian Process Inference for Estimating Pharmacokinetic Parameters of Dynamic Contrast-Enhanced MR Images,"Shijun Wang, Peter Liu, Baris Turkbey, Peter Choyke, Peter Pinto, Ronald M. Summers",582-589,/chapter/10.1007/978-3-642-33454-2_72,2012.0,3,category: other
245,Automatic Localization and Identification of Vertebrae in Arbitrary Field-of-View CT Scans,"Ben Glocker, J. Feulner, Antonio Criminisi, D. R. Haynor, E. Konukoglu",590-598,/chapter/10.1007/978-3-642-33454-2_73,2012.0,3,category: unknown
246,Pathology Hinting as the Combination of Automatic Segmentation with a Statistical Shape Model,"Pascal A. Dufour, Hannan Abdillahi, Lala Ceklic, Ute Wolf-Schnurrbusch, Jens Kowal",599-606,/chapter/10.1007/978-3-642-33454-2_74,2012.0,3,category: other
247,An Invariant Shape Representation Using the Anisotropic Helmholtz Equation,"A. A. Joshi, S. Ashrafulla, D. W. Shattuck, H. Damasio, R. M. Leahy",607-614,/chapter/10.1007/978-3-642-33454-2_75,2012.0,3,category: classification
248,Phase Contrast Image Restoration via Dictionary Representation of Diffraction Patterns,"Hang Su, Zhaozheng Yin, Takeo Kanade, Seungil Huh",615-622,/chapter/10.1007/978-3-642-33454-2_76,2012.0,3,category: classification
249,Context-Constrained Multiple Instance Learning for Histopathology Image Segmentation,"Yan Xu, Jianwen Zhang, Eric I-Chao Chang, Maode Lai, Zhuowen Tu",623-630,/chapter/10.1007/978-3-642-33454-2_77,2012.0,3,category: other
250,Structural-Flow Trajectories for Unravelling 3D Tubular Bundles,"Katerina Fragkiadaki, Weiyu Zhang, Jianbo Shi, Elena Bernardis",631-638,/chapter/10.1007/978-3-642-33454-2_78,2012.0,3,category: other
251,Online Blind Calibration of Non-uniform Photodetectors: Application to Endomicroscopy,"Nicolas Savoire, Barbara André, Tom Vercauteren",639-646,/chapter/10.1007/978-3-642-33454-2_79,2012.0,3,category: unknown
