,index,Title,Authors,Page numbers,DOI,Year of publication,Part of publication,category,Number of references,Oldest reference,Newest reference,Range of references
0,8,Consistent Segmentation of Longitudinal Brain MR Images with Spatio-Temporal Constrained Networks,"Jie Wei, Feng Shi, Zhiming Cui, Yongsheng Pan, Yong Xia, Dinggang Shen",89-98,/chapter/10.1007/978-3-030-87193-2_9,2021,1,category: classification,16,1999,2021,22
1,17,Improved Brain Lesion Segmentation with Anatomical Priors from Healthy Subjects,"Chenghao Liu, Xiangzhu Zeng, Kongming Liang, Yizhou Yu, Chuyang Ye",186-195,/chapter/10.1007/978-3-030-87193-2_18,2021,1,category: classification,17,1986,2021,35
2,18,CarveMix: A Simple Data Augmentation Method for Brain Lesion Segmentation,"Xinru Zhang, Chenghao Liu, Ni Ou, Xiangzhu Zeng, Xiaoliang Xiong, Yizhou Yu et al.",196-205,/chapter/10.1007/978-3-030-87193-2_19,2021,1,category: classification,16,2000,2021,21
3,25,Partially-Supervised Learning for Vessel Segmentation in Ocular Images,"Yanyu Xu, Xinxing Xu, Lei Jin, Shenghua Gao, Rick Siow Mong Goh, Daniel S. W. Ting et al.",271-281,/chapter/10.1007/978-3-030-87193-2_26,2021,1,category: classification,26,1989,2020,31
4,30,Multi-compound Transformer for Accurate Biomedical Image Segmentation,"Yuanfeng Ji, Ruimao Zhang, Huijie Wang, Zhen Li, Lingyun Wu, Shaoting Zhang et al.",326-336,/chapter/10.1007/978-3-030-87193-2_31,2021,1,category: classification,25,2012,2021,9
5,36,Comprehensive Importance-Based Selective Regularization for Continual Segmentation Across Multiple Sites,"Jingyang Zhang, Ran Gu, Guotai Wang, Lixu Gu",389-399,/chapter/10.1007/978-3-030-87193-2_37,2021,1,category: classification,25,1989,2021,32
6,44,Residual Feedback Network for Breast Lesion Segmentation in Ultrasound Image,"Ke Wang, Shujun Liang, Yu Zhang",471-481,/chapter/10.1007/978-3-030-87193-2_45,2021,1,category: classification,28,2007,2021,14
7,45,Learning to Address Intra-segment Misclassification in Retinal Imaging,"Yukun Zhou, Moucheng Xu, Yipeng Hu, Hongxiang Lin, Joseph Jacob, Pearse A. Keane et al.",482-492,/chapter/10.1007/978-3-030-87193-2_46,2021,1,category: classification,32,2001,2020,19
8,47,DC-Net: Dual Context Network for 2D Medical Image Segmentation,"Rongtao Xu, Changwei Wang, Shibiao Xu, Weiliang Meng, Xiaopeng Zhang",503-513,/chapter/10.1007/978-3-030-87193-2_48,2021,1,category: classification,20,1993,2020,27
9,55,Modality-Aware Mutual Learning for Multi-modal Medical Image Segmentation,"Yao Zhang, Jiawei Yang, Jiang Tian, Zhongchao Shi, Cheng Zhong, Yang Zhang et al.",589-599,/chapter/10.1007/978-3-030-87193-2_56,2021,1,category: classification,30,2010,2021,11
10,59,CCBANet: Cascading Context and Balancing Attention for Polyp Segmentation,"Tan-Cong Nguyen, Tien-Phat Nguyen, Gia-Han Diep, Anh-Huy Tran-Dinh, Tam V. Nguyen, Minh-Triet Tran",633-643,/chapter/10.1007/978-3-030-87193-2_60,2021,1,category: classification,17,2015,2021,6
11,61,TUN-Det: A Novel Network for Thyroid Ultrasound Nodule Detection,"Atefeh Shahroudnejad, Xuebin Qin, Sharanya Balachandran, Masood Dehghan, Dornoosh Zonoobi, Jacob Jaremko et al.",656-667,/chapter/10.1007/978-3-030-87193-2_62,2021,1,category: classification,39,2001,2021,20
12,63,On the Relationship Between Calibrated Predictors and Unbiased Volume Estimation,"Teodora Popordanoska, Jeroen Bertels, Dirk Vandermeulen, Frederik Maes, Matthew B. Blaschko",678-688,/chapter/10.1007/978-3-030-87193-2_64,2021,1,category: classification,28,1928,2021,93
13,69,SSLP: Spatial Guided Self-supervised Learning on Pathological Images,"Jiajun Li, Tiancheng Lin, Yi Xu",3-12,/chapter/10.1007/978-3-030-87196-3_1,2021,2,category: classification,33,2010,2020,10
14,72,Imbalance-Aware Self-supervised Learning for 3D Radiomic Representations,"Hongwei Li, Fei-Fei Xue, Krishna Chaitanya, Shengda Luo, Ivan Ezhov, Benedikt Wiestler et al.",36-46,/chapter/10.1007/978-3-030-87196-3_4,2021,2,category: classification,25,2006,2021,15
15,73,Self-supervised Visual Representation Learning for Histopathological Images,"Pengshuai Yang, Zhiwei Hong, Xiaoxu Yin, Chengzhan Zhu, Rui Jiang",47-57,/chapter/10.1007/978-3-030-87196-3_5,2021,2,category: classification,31,2006,2021,15
16,74,Contrastive Learning with Continuous Proxy Meta-data for 3D MRI Classification,"Benoit Dufumier, Pietro Gori, Julie Victor, Antoine Grigis, Michele Wessa, Paolo Brambilla et al.",58-68,/chapter/10.1007/978-3-030-87196-3_6,2021,2,category: classification,30,2001,2021,20
17,76,Self-supervised Longitudinal Neighbourhood Embedding,"Jiahong Ouyang, Qingyu Zhao, Ehsan Adeli, Edith V. Sullivan, Adolf Pfefferbaum, Greg Zaharchuk et al.",80-89,/chapter/10.1007/978-3-030-87196-3_8,2021,2,category: classification,24,2008,2020,12
18,77,Self-supervised Multi-modal Alignment for Whole Body Medical Imaging,"Rhydian Windsor, Amir Jamaludin, Timor Kadir, Andrew Zisserman",90-101,/chapter/10.1007/978-3-030-87196-3_9,2021,2,category: classification,35,1089,2021,932
19,78,SimTriplet: Simple Triplet Representation Learning with a Single GPU,"Quan Liu, Peter C. Louis, Yuzhe Lu, Aadarsh Jha, Mengyang Zhao, Ruining Deng et al.",102-112,/chapter/10.1007/978-3-030-87196-3_10,2021,2,category: classification,25,2010,2021,11
20,79,Lesion-Based Contrastive Learning for Diabetic Retinopathy Grading from Fundus Images,"Yijin Huang, Li Lin, Pujin Cheng, Junyan Lyu, Xiaoying Tang",113-123,/chapter/10.1007/978-3-030-87196-3_11,2021,2,category: classification,20,2012,2020,8
21,80,SAR: Scale-Aware Restoration Learning for 3D Tumor Segmentation,"Xiaoman Zhang, Shixiang Feng, Yuhang Zhou, Ya Zhang, Yanfeng Wang",124-133,/chapter/10.1007/978-3-030-87196-3_12,2021,2,category: classification,18,2014,2021,7
22,82,SpineGEM: A Hybrid-Supervised Model Generation Strategy Enabling Accurate Spine Disease Classification with a Small Training Dataset,"Xihe Kuang, Jason Pui Yin Cheung, Xiaowei Ding, Teng Zhang",145-154,/chapter/10.1007/978-3-030-87196-3_14,2021,2,category: classification,17,1994,2021,27
23,83,Contrastive Learning of Relative Position Regression for One-Shot Object Localization in 3D Medical Images,"Wenhui Lei, Wei Xu, Ran Gu, Hao Fu, Shaoting Zhang, Shichuan Zhang et al.",155-165,/chapter/10.1007/978-3-030-87196-3_15,2021,2,category: classification,25,1993,2020,27
24,84,Topological Learning and Its Application to Multimodal Brain Network Integration,"Tananun Songdechakraiwut, Li Shen, Moo Chung",166-176,/chapter/10.1007/978-3-030-87196-3_16,2021,2,category: classification,30,1996,2020,24
25,86,Implicit Field Learning for Unsupervised Anomaly Detection in Medical Images,"Sergio Naval Marimont, Giacomo Tarroni",189-198,/chapter/10.1007/978-3-030-87196-3_18,2021,2,category: classification,15,2012,2021,9
26,87,Dual-Consistency Semi-supervised Learning with Uncertainty Quantification for COVID-19 Lesion Segmentation from CT Images,"Yanwen Li, Luyang Luo, Huangjing Lin, Hao Chen, Pheng-Ann Heng",199-209,/chapter/10.1007/978-3-030-87196-3_19,2021,2,category: classification,36,2009,2021,12
27,88,Contrastive Pre-training and Representation Distillation for Medical Visual Question Answering Based on Radiology Images,"Bo Liu, Li-Ming Zhan, Xiao-Ming Wu",210-220,/chapter/10.1007/978-3-030-87196-3_20,2021,2,category: classification,29,1997,2021,24
28,89,Positional Contrastive Learning for Volumetric Medical Image Segmentation,"Dewen Zeng, Yawen Wu, Xinrong Hu, Xiaowei Xu, Haiyun Yuan, Meiping Huang et al.",221-230,/chapter/10.1007/978-3-030-87196-3_21,2021,2,category: classification,25,2006,2021,15
29,90,Longitudinal Self-supervision to Disentangle Inter-patient Variability from Disease Progression,"Raphaël Couronné, Paul Vernhet, Stanley Durrleman",231-241,/chapter/10.1007/978-3-030-87196-3_22,2021,2,category: classification,25,2002,2020,18
30,92,Unsupervised Contrastive Learning of Radiomics and Deep Features for Label-Efficient Tumor Classification,"Ziteng Zhao, Guanyu Yang",252-261,/chapter/10.1007/978-3-030-87196-3_24,2021,2,category: classification,23,2005,2020,15
31,94,Multimodal Representation Learning via Maximization of Local Mutual Information,"Ruizhi Liao, Daniel Moyer, Miriam Cha, Keegan Quigley, Seth Berkowitz, Steven Horng et al.",273-283,/chapter/10.1007/978-3-030-87196-3_26,2021,2,category: classification,33,1954,2021,67
32,95,Inter-regional High-Level Relation Learning from Functional Connectivity via Self-supervision,"Wonsik Jung, Da-Woon Heo, Eunjin Jeon, Jaein Lee, Heung-Il Suk",284-293,/chapter/10.1007/978-3-030-87196-3_27,2021,2,category: classification,27,2002,2020,18
33,100,Lesion Segmentation and RECIST Diameter Prediction via Click-Driven Attention and Dual-Path Connection,"Youbao Tang, Ke Yan, Jinzheng Cai, Lingyun Huang, Guotong Xie, Jing Xiao et al.",341-351,/chapter/10.1007/978-3-030-87196-3_32,2021,2,category: classification,27,2009,2021,12
34,101,Reciprocal Learning for Semi-supervised Segmentation,"Xiangyun Zeng, Rian Huang, Yuming Zhong, Dong Sun, Chu Han, Di Lin et al.",352-361,/chapter/10.1007/978-3-030-87196-3_33,2021,2,category: classification,16,1992,2021,29
35,102,Disentangled Sequential Graph Autoencoder for Preclinical Alzheimer’s Disease Characterizations from ADNI Study,"Fan Yang, Rui Meng, Hyuna Cho, Guorong Wu, Won Hwa Kim",362-372,/chapter/10.1007/978-3-030-87196-3_34,2021,2,category: classification,30,1997,2021,24
36,103,POPCORN: Progressive Pseudo-Labeling with Consistency Regularization and Neighboring,"Reda Abdellah Kamraoui, Vinh-Thong Ta, Nicolas Papadakis, Fanny Compaire, José V. Manjon, Pierrick Coupé",373-382,/chapter/10.1007/978-3-030-87196-3_35,2021,2,category: classification,20,2009,2020,11
37,106,Implicit Neural Distance Representation for Unsupervised and Supervised Classification of Complex Anatomies,"Kristine Aavild Juhl, Xabier Morales, Ole de Backer, Oscar Camara, Rasmus Reinhold Paulsen",405-415,/chapter/10.1007/978-3-030-87196-3_38,2021,2,category: classification,25,1987,2021,34
38,109,Neighbor Matching for Semi-supervised Learning,"Renzhen Wang, Yichen Wu, Huai Chen, Lisheng Wang, Deyu Meng",439-449,/chapter/10.1007/978-3-030-87196-3_41,2021,2,category: classification,21,2004,2020,16
39,112,Order-Guided Disentangled Representation Learning for Ulcerative Colitis Classification with Limited Labels,"Shota Harada, Ryoma Bise, Hideaki Hayashi, Kiyohito Tanaka, Seiichi Uchida",471-480,/chapter/10.1007/978-3-030-87196-3_44,2021,2,category: classification,11,2001,2021,20
40,113,Semi-supervised Contrastive Learning for Label-Efficient Medical Image Segmentation,"Xinrong Hu, Dewen Zeng, Xiaowei Xu, Yiyu Shi",481-490,/chapter/10.1007/978-3-030-87196-3_45,2021,2,category: classification,19,2014,2020,6
41,114,Functional Magnetic Resonance Imaging Data Augmentation Through Conditional ICA,"Badr Tajini, Hugo Richard, Bertrand Thirion",491-500,/chapter/10.1007/978-3-030-87196-3_46,2021,2,category: classification,29,1995,2020,25
42,118,OXnet: Deep Omni-Supervised Thoracic Disease Detection from Chest X-Rays,"Luyang Luo, Hao Chen, Yanning Zhou, Huangjing Lin, Pheng-Ann Heng",537-548,/chapter/10.1007/978-3-030-87196-3_50,2021,2,category: classification,34,2009,2021,12
43,121,Improving Pneumonia Localization via Cross-Attention on Medical Images and Reports,"Riddhish Bhalodia, Ali Hatamizadeh, Leo Tam, Ziyue Xu, Xiaosong Wang, Evrim Turkbey et al.",571-581,/chapter/10.1007/978-3-030-87196-3_53,2021,2,category: classification,21,2013,2020,7
44,122,Combining Attention-Based Multiple Instance Learning and Gaussian Processes for CT Hemorrhage Detection,"Yunan Wu, Arne Schmidt, Enrique Hernández-Sánchez, Rafael Molina, Aggelos K. Katsaggelos",582-591,/chapter/10.1007/978-3-030-87196-3_54,2021,2,category: classification,18,2013,2020,7
45,124,Observational Supervision for Medical Image Classification Using Gaze Data,"Khaled Saab, Sarah M. Hooper, Nimit S. Sohoni, Jupinder Parmar, Brian Pogatchnik, Sen Wu et al.",603-614,/chapter/10.1007/978-3-030-87196-3_56,2021,2,category: classification,39,2000,2021,21
46,129,Towards Robust General Medical Image Segmentation,"Laura Daza, Juan C. Pérez, Pablo Arbeláez",3-13,/chapter/10.1007/978-3-030-87199-4_1,2021,3,category: classification,38,2014,2021,7
47,131,Targeted Gradient Descent: A Novel Method for Convolutional Neural Networks Fine-Tuning and Online-Learning,"Junyu Chen, Evren Asma, Chung Chan",25-35,/chapter/10.1007/978-3-030-87199-4_3,2021,3,category: classification,23,1997,2020,23
48,132,A Hierarchical Feature Constraint to Camouflage Medical Adversarial Attacks,"Qingsong Yao, Zecheng He, Yi Lin, Kai Ma, Yefeng Zheng, S. Kevin Zhou",36-47,/chapter/10.1007/978-3-030-87199-4_4,2021,3,category: classification,41,1977,2021,44
49,135,AlignTransformer: Hierarchical Alignment of Visual Regions and Disease Tags for Medical Report Generation,"Di You, Fenglin Liu, Shen Ge, Xiaoxia Xie, Jing Zhang, Xian Wu",72-82,/chapter/10.1007/978-3-030-87199-4_7,2021,3,category: classification,45,1997,2021,24
50,136,Continuous-Time Deep Glioma Growth Models,"Jens Petersen, Fabian Isensee, Gregor Köhler, Paul F. Jäger, David Zimmerer, Ulf Neuberger et al.",83-92,/chapter/10.1007/978-3-030-87199-4_8,2021,3,category: classification,23,2011,2020,9
51,137,Spine-Transformers: Vertebra Detection and Localization in Arbitrary Field-of-View Spine CT with Transformers,"Rong Tao, Guoyan Zheng",93-103,/chapter/10.1007/978-3-030-87199-4_9,2021,3,category: classification,25,1955,2021,66
52,138,Multi-view Analysis of Unregistered Medical Images Using Cross-View Transformers,"Gijs van Tulder, Yao Tong, Elena Marchiori",104-113,/chapter/10.1007/978-3-030-87199-4_10,2021,3,category: classification,9,2001,2019,18
53,139,Stain Mix-Up: Unsupervised Domain Generalization for Histopathology Images,"Jia-Ren Chang, Min-Sheng Wu, Wei-Hsiang Yu, Chi-Chung Chen, Cheng-Kung Yang, Yen-Yu Lin et al.",117-126,/chapter/10.1007/978-3-030-87199-4_11,2021,3,category: classification,21,1852,2020,168
54,141,Generative Self-training for Cross-Domain Unsupervised Tagged-to-Cine MRI Synthesis,"Xiaofeng Liu, Fangxu Xing, Maureen Stone, Jiachen Zhuo, Timothy Reese, Jerry L. Prince et al.",138-148,/chapter/10.1007/978-3-030-87199-4_13,2021,3,category: classification,33,1994,2021,27
55,145,Harmonization with Flow-Based Causal Inference,"Rongguang Wang, Pratik Chaudhari, Christos Davatzikos",181-190,/chapter/10.1007/978-3-030-87199-4_17,2021,3,category: classification,37,1983,2021,38
56,150,Reference-Relation Guided Autoencoder with Deep CCA Restriction for Awake-to-Sleep Brain Functional Connectome Prediction,"Dan Hu, Weiyan Yin, Zhengwang Wu, Liangjun Chen, Li Wang, Weili Lin et al.",231-240,/chapter/10.1007/978-3-030-87199-4_22,2021,3,category: classification,29,2002,2021,19
57,159,Federated Semi-supervised Medical Image Classification via Inter-client Relation Matching,"Quande Liu, Hongzheng Yang, Qi Dou, Pheng-Ann Heng",325-335,/chapter/10.1007/978-3-030-87199-4_31,2021,3,category: classification,33,2012,2021,9
58,160,FedPerl: Semi-supervised Peer Learning for Skin Lesion Classification,"Tariq Bdair, Nassir Navab, Shadi Albarqouni",336-346,/chapter/10.1007/978-3-030-87199-4_32,2021,3,category: classification,29,1998,2021,23
59,161,Personalized Retrogress-Resilient Framework for Real-World Medical Federated Learning,"Zhen Chen, Meilu Zhu, Chen Yang, Yixuan Yuan",347-356,/chapter/10.1007/978-3-030-87199-4_33,2021,3,category: classification,27,1998,2021,23
60,163,Federated Contrastive Learning for Volumetric Medical Image Segmentation,"Yawen Wu, Dewen Zeng, Zhepeng Wang, Yiyu Shi, Jingtong Hu",367-377,/chapter/10.1007/978-3-030-87199-4_35,2021,3,category: classification,32,2006,2021,15
61,164,Federated Contrastive Learning for Decentralized Unlabeled Medical Images,"Nanqing Dong, Irina Voiculescu",378-387,/chapter/10.1007/978-3-030-87199-4_36,2021,3,category: classification,27,1964,2021,57
62,165,Explaining COVID-19 and Thoracic Pathology Model Predictions by Identifying Informative Input Features,"Ashkan Khakzar, Yang Zhang, Wejdene Mansour, Yuezhi Cai, Yawei Li, Yucheng Zhang et al.",391-401,/chapter/10.1007/978-3-030-87199-4_37,2021,3,category: classification,32,2013,2021,8
63,166,Demystifying T1-MRI to FDG $$^{18}$$ 18 -PET Image Translation via Representational Similarity,"Chia-Hsiang Kao, Yong-Sheng Chen, Li-Fen Chen, Wei-Chen Chiu",402-412,/chapter/10.1007/978-3-030-87199-4_38,2021,3,category: classification,29,2001,2020,19
64,168,An Interpretable Approach to Automated Severity Scoring in Pelvic Trauma,"Anna Zapaishchykova, David Dreizin, Zhaoshuo Li, Jie Ying Wu, Shahrooz Faghihroohi, Mathias Unberath",424-433,/chapter/10.1007/978-3-030-87199-4_40,2021,3,category: classification,26,1066,2021,955
65,169,"Scalable, Axiomatic Explanations of Deep Alzheimer’s Diagnosis from Heterogeneous Data","Sebastian Pölsterl, Christina Aigner, Christian Wachinger",434-444,/chapter/10.1007/978-3-030-87199-4_41,2021,3,category: classification,29,1953,2021,68
66,170,"SPARTA: An Integrated Stability, Discriminability, and Sparsity Based Radiomic Feature Selection Approach","Amir Reza Sadri, Sepideh Azarianpour Esfahani, Prathyush Chirra, Jacob Antunes, Pavithran Pattiam Giriprakash, Patrick Leo et al.",445-455,/chapter/10.1007/978-3-030-87199-4_42,2021,3,category: classification,28,1953,2021,68
67,172,Fighting Class Imbalance with Contrastive Learning,"Yassine Marrakchi, Osama Makansi, Thomas Brox",466-476,/chapter/10.1007/978-3-030-87199-4_44,2021,3,category: classification,45,2002,2020,18
68,173,Interpretable Gender Classification from Retinal Fundus Images Using BagNets,"Indu Ilanchezian, Dmitry Kobak, Hanna Faber, Focke Ziemssen, Philipp Berens, Murat Seçkin Ayhan",477-487,/chapter/10.1007/978-3-030-87199-4_45,2021,3,category: classification,29,2006,2021,15
69,174,Explainable Classification of Weakly Annotated Wireless Capsule Endoscopy Images Based on a Fuzzy Bag-of-Colour Features Model and Brain Storm Optimization,"Michael Vasilakakis, Georgia Sovatzidi, Dimitris K. Iakovidis",488-498,/chapter/10.1007/978-3-030-87199-4_46,2021,3,category: classification,22,1960,2021,61
70,175,Towards Semantic Interpretation of Thoracic Disease and COVID-19 Diagnosis Models,"Ashkan Khakzar, Sabrina Musatian, Jonas Buchberger, Icxel Valeriano Quiroz, Nikolaus Pinger, Soroosh Baselizadeh et al.",499-508,/chapter/10.1007/978-3-030-87199-4_47,2021,3,category: classification,26,1953,2021,68
71,176,A Principled Approach to Failure Analysis and Model Repairment: Demonstration in Medical Imaging,"Thomas Henn, Yasukazu Sakamoto, Clément Jacquet, Shunsuke Yoshizawa, Masamichi Andou, Stephen Tchen et al.",509-518,/chapter/10.1007/978-3-030-87199-4_48,2021,3,category: classification,18,2014,2021,7
72,177,Using Causal Analysis for Conceptual Deep Learning Explanation,"Sumedha Singla, Stephen Wallace, Sofia Triantafillou, Kayhan Batmanghelich",519-528,/chapter/10.1007/978-3-030-87199-4_49,2021,3,category: classification,23,1974,2020,46
73,179,Sharpening Local Interpretable Model-Agnostic Explanations for Histopathology: Improved Understandability and Reliability,"Mara Graziani, Iam Palatnik de Sousa, Marley M. B. R. Vellasco, Eduardo Costa da Silva, Henning Müller, Vincent Andrearczyk",540-549,/chapter/10.1007/978-3-030-87199-4_51,2021,3,category: classification,23,2008,2020,12
74,180,Improving the Explainability of Skin Cancer Diagnosis Using CBIR,"Catarina Barata, Carlos Santiago",550-559,/chapter/10.1007/978-3-030-87199-4_52,2021,3,category: classification,20,2008,2021,13
75,181,PAC Bayesian Performance Guarantees for Deep (Stochastic) Networks in Medical Imaging,"Anthony Sicilia, Xingchen Zhao, Anastasia Sosnovskikh, Seong Jae Hwang",560-570,/chapter/10.1007/978-3-030-87199-4_53,2021,3,category: classification,49,1971,2020,49
76,185,Learning to Predict Error for MRI Reconstruction,"Shi Hu, Nicola Pezzotti, Max Welling",604-613,/chapter/10.1007/978-3-030-87199-4_57,2021,3,category: classification,30,1989,2020,31
77,187,Variational Topic Inference for Chest X-Ray Report Generation,"Ivona Najdenkoska, Xiantong Zhen, Marcel Worring, Ling Shao",625-635,/chapter/10.1007/978-3-030-87199-4_59,2021,3,category: classification,33,1997,2020,23
78,188,Uncertainty Aware Deep Reinforcement Learning for Anatomical Landmark Detection in Medical Images,"James Browning, Micha Kornreich, Aubrey Chow, Jayashri Pawar, Li Zhang, Richard Herzog et al.",636-644,/chapter/10.1007/978-3-030-87199-4_60,2021,3,category: classification,16,1957,2020,63
79,189,Medical Image Registration Based on Uncoupled Learning and Accumulative Enhancement,"Yucheng Shu, Hao Wang, Bin Xiao, Xiuli Bi, Weisheng Li",3-13,/chapter/10.1007/978-3-030-87202-1_1,2021,4,category: classification,25,2008,2020,12
80,191,Learning Unsupervised Parameter-Specific Affine Transformation for Medical Images Registration,"Xu Chen, Yanda Meng, Yitian Zhao, Rachel Williams, Srinivasa R. Vallabhaneni, Yalin Zheng",24-34,/chapter/10.1007/978-3-030-87202-1_3,2021,4,category: classification,19,2009,2020,11
81,192,Conditional Deformable Image Registration with Convolutional Neural Network,"Tony C. W. Mok, Albert C. S. Chung",35-45,/chapter/10.1007/978-3-030-87202-1_4,2021,4,category: classification,30,1998,2021,23
82,198,Weakly Supervised Registration of Prostate MRI and Histopathology Images,"Wei Shao, Indrani Bhattacharya, Simon J. C. Soerensen, Christian A. Kunder, Jeffrey B. Wang, Richard E. Fan et al.",98-107,/chapter/10.1007/978-3-030-87202-1_10,2021,4,category: classification,22,2000,2021,21
83,201,Learning Dual Transformer Network for Diffeomorphic Registration,"Yungeng Zhang, Yuru Pei, Hongbin Zha",129-138,/chapter/10.1007/978-3-030-87202-1_13,2021,4,category: classification,27,2005,2021,16
84,204,Spectral Embedding Approximation and Descriptor Learning for Craniofacial Volumetric Image Correspondence,"Diya Sun, Yungeng Zhang, Yuru Pei, Tianmin Xu, Hongbin Zha",161-170,/chapter/10.1007/978-3-030-87202-1_16,2021,4,category: classification,25,2012,2020,8
85,208,Revisiting Iterative Highly Efficient Optimisation Schemes in Medical Image Registration,"Lasse Hansen, Mattias P. Heinrich",203-212,/chapter/10.1007/978-3-030-87202-1_20,2021,4,category: classification,20,2005,2021,16
86,210,Self-supervised Generative Adversarial Network for Depth Estimation in Laparoscopic Images,"Baoru Huang, Jian-Qing Zheng, Anh Nguyen, David Tuch, Kunal Vyas, Stamatia Giannarou et al.",227-237,/chapter/10.1007/978-3-030-87202-1_22,2021,4,category: classification,33,2001,2021,20
87,214,Class-Incremental Domain Adaptation with Smoothing and Calibration for Surgical Report Generation,"Mengya Xu, Mobarakol Islam, Chwee Ming Lim, Hongliang Ren",269-278,/chapter/10.1007/978-3-030-87202-1_26,2021,4,category: classification,25,2002,2021,19
88,216,Surgical Instruction Generation with Transformers,"Jinglu Zhang, Yinyu Nie, Jian Chang, Jian Jun Zhang",290-299,/chapter/10.1007/978-3-030-87202-1_28,2021,4,category: classification,27,2002,2020,18
89,225,Deep Iterative 2D/3D Registration,"Srikrishna Jaganathan, Jian Wang, Anja Borsdorf, Karthik Shetty, Andreas Maier",383-392,/chapter/10.1007/978-3-030-87202-1_37,2021,4,category: classification,23,2004,2021,17
90,230,Task Fingerprinting for Meta Learning inBiomedical Image Analysis,"Patrick Godau, Lena Maier-Hein",436-446,/chapter/10.1007/978-3-030-87202-1_42,2021,4,category: classification,44,1989,2020,31
91,231,Acoustic-Based Spatio-Temporal Learning for Press-Fit Evaluation of Femoral Stem Implants,"Matthias Seibold, Armando Hoch, Daniel Suter, Mazda Farshad, Patrick O. Zingg, Nassir Navab et al.",447-456,/chapter/10.1007/978-3-030-87202-1_43,2021,4,category: classification,23,2004,2021,17
92,232,Deep Simulation of Facial Appearance Changes Following Craniomaxillofacial Bony Movements in Orthognathic Surgical Planning,"Lei Ma, Daeseung Kim, Chunfeng Lian, Deqiang Xiao, Tianshu Kuang, Qin Liu et al.",459-468,/chapter/10.1007/978-3-030-87202-1_44,2021,4,category: classification,21,1993,2021,28
93,236,High-Particle Simulation of Monte-Carlo Dose Distribution with 3D ConvLSTMs,"Sonia Martinot, Norbert Bus, Maria Vakalopoulou, Charlotte Robert, Eric Deutsch, Nikos Paragios",499-508,/chapter/10.1007/978-3-030-87202-1_48,2021,4,category: classification,21,1986,2020,34
94,238,Facial and Cochlear Nerves Characterization Using Deep Reinforcement Learning for Landmark Detection,"Paula López Diez, Josefine Vilsbøll Sundgaard, François Patou, Jan Margeta, Rasmus Reinhold Paulsen",519-528,/chapter/10.1007/978-3-030-87202-1_50,2021,4,category: classification,26,1959,2021,62
95,240,A New Approach to Orthopedic Surgery Planning Using Deep Reinforcement Learning and Simulation,"Joëlle Ackermann, Matthias Wieland, Armando Hoch, Reinhold Ganz, Jess G. Snedeker, Martin R. Oswald et al.",540-549,/chapter/10.1007/978-3-030-87202-1_52,2021,4,category: classification,33,1996,2020,24
96,241,Whole Heart Mesh Generation for Image-Based Computational Simulations by Learning Free-From Deformations,"Fanwei Kong, Shawn C. Shadden",550-559,/chapter/10.1007/978-3-030-87202-1_53,2021,4,category: classification,26,2008,2021,13
97,246,OperA: Attention-Regularized Transformers for Surgical Phase Recognition,"Tobias Czempiel, Magdalini Paschali, Daniel Ostler, Seong Tae Kim, Benjamin Busam, Nassir Navab",604-614,/chapter/10.1007/978-3-030-87202-1_58,2021,4,category: classification,27,1997,2021,24
98,248,Multi-view Surgical Video Action Detection via Mixed Global View Attention,"Adam Schmidt, Aidean Sharghi, Helene Haugerud, Daniel Oh, Omid Mohareri",626-635,/chapter/10.1007/978-3-030-87202-1_60,2021,4,category: classification,20,2005,2020,15
99,250,Image-Based Incision Detection for Topological Intraoperative 3D Model Update in Augmented Reality Assisted Laparoscopic Surgery,"Tom François, Lilian Calvet, Callyane Sève-d’Erceville, Nicolas Bourdel, Adrien Bartoli",647-656,/chapter/10.1007/978-3-030-87202-1_62,2021,4,category: classification,20,2008,2021,13
100,252,SurgeonAssist-Net: Towards Context-Aware Head-Mounted Display-Based Augmented Reality for Surgical Guidance,"Mitchell Doughty, Karan Singh, Nilesh R. Ghugre",667-677,/chapter/10.1007/978-3-030-87202-1_64,2021,4,category: classification,35,1997,2020,23
101,255,CA-Net: Leveraging Contextual Features for Lung Cancer Prediction,"Mingzhou Liu, Fandong Zhang, Xinwei Sun, Yizhou Yu, Yizhou Wang",23-32,/chapter/10.1007/978-3-030-87240-3_3,2021,5,category: classification,22,1991,2020,29
102,257,DAE-GCN: Identifying Disease-Related Features for Disease Prediction,"Churan Wang, Xinwei Sun, Fandong Zhang, Yizhou Yu, Yizhou Wang",43-52,/chapter/10.1007/978-3-030-87240-3_5,2021,5,category: classification,14,1996,2020,24
103,258,Enhanced Breast Lesion Classification via Knowledge Guided Cross-Modal and Semantic Data Augmentation,"Kun Chen, Yuanfan Guo, Canqian Yang, Yi Xu, Rui Zhang, Chunxiao Li et al.",53-63,/chapter/10.1007/978-3-030-87240-3_6,2021,5,category: classification,29,2003,2021,18
104,259,Multiple Meta-model Quantifying for Medical Visual Question Answering,"Tuong Do, Binh X. Nguyen, Erman Tjiputra, Minh Tran, Quang D. Tran, Anh Nguyen",64-74,/chapter/10.1007/978-3-030-87240-3_7,2021,5,category: classification,45,1987,2021,34
105,262,A Coherent Cooperative Learning Framework Based on Transfer Learning for Unsupervised Cross-Domain Classification,"Xinxin Shan, Ying Wen, Qingli Li, Yue Lu, Haibin Cai",96-106,/chapter/10.1007/978-3-030-87240-3_10,2021,5,category: classification,35,2010,2020,10
106,264,A Segmentation-Assisted Model for Universal Lesion Detection with Partial Labels,"Fei Lyu, Baoyao Yang, Andy J. Ma, Pong C. Yuen",117-127,/chapter/10.1007/978-3-030-87240-3_12,2021,5,category: classification,22,2009,2020,11
107,265,Constrained Contrastive Distribution Learning for Unsupervised Anomaly Detection and Localisation in Medical Images,"Yu Tian, Guansong Pang, Fengbei Liu, Yuanhong Chen, Seon Ho Shin, Johan W. Verjans et al.",128-140,/chapter/10.1007/978-3-030-87240-3_13,2021,5,category: classification,41,1999,2021,22
108,266,Conditional Training with Bounding Map for Universal Lesion Detection,"Han Li, Long Chen, Hu Han, Ying Chi, S. Kevin Zhou",141-152,/chapter/10.1007/978-3-030-87240-3_14,2021,5,category: classification,35,2015,2021,6
109,267,Focusing on Clinically Interpretable Features: Selective Attention Regularization for Liver Biopsy Image Classification,"Chong Yin, Siqi Liu, Rui Shao, Pong C. Yuen",153-162,/chapter/10.1007/978-3-030-87240-3_15,2021,5,category: classification,26,2005,2020,15
110,268,Categorical Relation-Preserving Contrastive Knowledge Distillation for Medical Image Classification,"Xiaohan Xing, Yuenan Hou, Hang Li, Yixuan Yuan, Hongsheng Li, Max Q.-H. Meng",163-173,/chapter/10.1007/978-3-030-87240-3_16,2021,5,category: classification,29,2014,2020,6
111,269,Tensor-Based Multi-index Representation Learning for Major Depression Disorder Detection with Resting-State fMRI,"Dongren Yao, Erkun Yang, Hao Guan, Jing Sui, Zhizhong Zhang, Mingxia Liu",174-184,/chapter/10.1007/978-3-030-87240-3_17,2021,5,category: classification,32,1972,2021,49
112,270,Region Ensemble Network for MCI Conversion Prediction with a Relation Regularized Loss,"Yuan-Xing Zhao, Yan-Ming Zhang, Ming Song, Cheng-Lin Liu",185-194,/chapter/10.1007/978-3-030-87240-3_18,2021,5,category: classification,21,1998,2020,22
113,271,Airway Anomaly Detection by Prototype-Based Graph Neural Network,"Tianyi Zhao, Zhaozheng Yin",195-204,/chapter/10.1007/978-3-030-87240-3_19,2021,5,category: classification,20,2000,2019,19
114,272,Energy-Based Supervised Hashing for Multimorbidity Image Retrieval,"Peng Huang, Xiuzhuang Zhou, Zeqiang Wei, Guodong Guo",205-214,/chapter/10.1007/978-3-030-87240-3_20,2021,5,category: classification,24,2004,2021,17
115,273,Stochastic 4D Flow Vector-Field Signatures: A New Approach for Comprehensive 4D Flow MRI Quantification,"Mohammed S. M. Elbaz, Chris Malaisrie, Patrick McCarthy, Michael Markl",215-224,/chapter/10.1007/978-3-030-87240-3_21,2021,5,category: classification,18,2000,2019,19
116,275,ASC-Net: Adversarial-Based Selective Network for Unsupervised Anomaly Segmentation,"Raunak Dey, Yi Hong",236-247,/chapter/10.1007/978-3-030-87240-3_23,2021,5,category: classification,28,1997,2021,24
117,276,Cost-Sensitive Meta-learning for Progress Prediction of Subjective Cognitive Decline with Brain Structural MRI,"Hao Guan, Yunbi Liu, Shifu Xiao, Ling Yue, Mingxia Liu",248-258,/chapter/10.1007/978-3-030-87240-3_24,2021,5,category: classification,28,2008,2021,13
118,277,Effective Pancreatic Cancer Screening on Non-contrast CT Scans via Anatomy-Aware Transformers,"Yingda Xia, Jiawen Yao, Le Lu, Lingyun Huang, Guotong Xie, Jing Xiao et al.",259-269,/chapter/10.1007/978-3-030-87240-3_25,2021,5,category: classification,29,2013,2021,8
119,278,Learning from Subjective Ratings Using Auto-Decoded Deep Latent Embeddings,"Bowen Li, Xinping Ren, Ke Yan, Le Lu, Lingyun Huang, Guotong Xie et al.",270-280,/chapter/10.1007/978-3-030-87240-3_26,2021,5,category: classification,25,1954,2021,67
120,279,VertNet: Accurate Vertebra Localization and Identification Network from CT Images,"Zhiming Cui, Changjian Li, Lei Yang, Chunfeng Lian, Feng Shi, Wenping Wang et al.",281-290,/chapter/10.1007/978-3-030-87240-3_27,2021,5,category: classification,18,2007,2021,14
121,280,VinDr-SpineXR: A Deep Learning Framework for Spinal Lesions Detection and Classification from Radiographs,"Hieu T. Nguyen, Hieu H. Pham, Nghia T. Nguyen, Ha Q. Nguyen, Thang Q. Huynh, Minh Dao et al.",291-301,/chapter/10.1007/978-3-030-87240-3_28,2021,5,category: classification,33,1950,2021,71
122,281,Multi-frame Collaboration for Effective Endoscopic Video Polyp Detection via Spatial-Temporal Feature Transformation,"Lingyun Wu, Zhiqiang Hu, Yuanfeng Ji, Ping Luo, Shaoting Zhang",302-312,/chapter/10.1007/978-3-030-87240-3_29,2021,5,category: classification,27,2008,2021,13
123,283,Balanced-MixUp for Highly Imbalanced Medical Image Classification,"Adrian Galdran, Gustavo Carneiro, Miguel A. González Ballester",323-333,/chapter/10.1007/978-3-030-87240-3_31,2021,5,category: classification,25,2002,2021,19
124,284,Transfer Learning of Deep Spatiotemporal Networks to Model Arbitrarily Long Videos of Seizures,"Fernando Pérez-García, Catherine Scott, Rachel Sparks, Beate Diehl, Sébastien Ourselin",334-344,/chapter/10.1007/978-3-030-87240-3_32,2021,5,category: classification,13,2002,2019,17
125,285,Retina-Match: Ipsilateral Mammography Lesion Matching in a Single Shot Detection Pipeline,"Yinhao Ren, Jiafeng Lu, Zisheng Liang, Lars J. Grimm, Connie Kim, Michael Taylor-Cho et al.",345-354,/chapter/10.1007/978-3-030-87240-3_33,2021,5,category: classification,20,2004,2020,16
126,286,Towards Robust Dual-View Transformation via Densifying Sparse Supervision for Mammography Lesion Matching,"Junlin Xian, Zhiwei Wang, Kwang-Ting Cheng, Xin Yang",355-365,/chapter/10.1007/978-3-030-87240-3_34,2021,5,category: classification,21,2006,2021,15
127,287,DeepOPG: Improving Orthopantomogram Finding Summarization with Weak Supervision,"Tzu-Ming Harry Hsu, Yin-Chih Chelsea Wang",366-376,/chapter/10.1007/978-3-030-87240-3_35,2021,5,category: classification,19,1992,2020,28
128,288,Joint Spinal Centerline Extraction and Curvature Estimation with Row-Wise Classification and Curve Graph Network,"Long Huo, Bin Cai, Pengpeng Liang, Zhiyong Sun, Chi Xiong, Chaoshi Niu et al.",377-386,/chapter/10.1007/978-3-030-87240-3_36,2021,5,category: classification,17,2015,2020,5
129,289,LDPolypVideo Benchmark: A Large-Scale Colonoscopy Video Dataset of Diverse Polyps,"Yiting Ma, Xuejin Chen, Kai Cheng, Yang Li, Bin Sun",387-396,/chapter/10.1007/978-3-030-87240-3_37,2021,5,category: classification,27,2004,2020,16
130,290,Continual Learning with Bayesian Model Based on a Fixed Pre-trained Feature Extractor,"Yang Yang, Zhiying Cui, Junjie Xu, Changhong Zhong, Ruixuan Wang, Wei-Shi Zheng",397-406,/chapter/10.1007/978-3-030-87240-3_38,2021,5,category: classification,20,2012,2020,8
131,291,Alleviating Data Imbalance Issue with Perturbed Input During Inference,"Kanghao Chen, Yifan Mao, Huijuan Lu, Chenghua Zeng, Ruixuan Wang, Wei-Shi Zheng",407-417,/chapter/10.1007/978-3-030-87240-3_39,2021,5,category: classification,28,1997,2020,23
132,292,A Deep Reinforced Tree-Traversal Agent for Coronary Artery Centerline Extraction,"Zhuowei Li, Qing Xia, Zhiqiang Hu, Wenji Wang, Lijian Xu, Shaoting Zhang",418-428,/chapter/10.1007/978-3-030-87240-3_40,2021,5,category: classification,21,1986,2019,33
133,294,Predicting Symptoms from Multiphasic MRI via Multi-instance Attention Learning for Hepatocellular Carcinoma Grading,"Zelin Qiu, Yongsheng Pan, Jie Wei, Dijia Wu, Yong Xia, Dinggang Shen",439-448,/chapter/10.1007/978-3-030-87240-3_42,2021,5,category: classification,23,2007,2021,14
134,295,Triplet-Branch Network with Prior-Knowledge Embedding for Fatigue Fracture Grading,"Yuexiang Li, Yanping Wang, Guang Lin, Yi Lin, Dong Wei, Qirui Zhang et al.",449-458,/chapter/10.1007/978-3-030-87240-3_43,2021,5,category: classification,15,2007,2020,13
135,297,Data Augmentation in Logit Space for Medical Image Classification with Limited Training Data,"Yangwen Hu, Zhehao Zhong, Ruixuan Wang, Hongmei Liu, Zhijun Tan, Wei-Shi Zheng",469-479,/chapter/10.1007/978-3-030-87240-3_45,2021,5,category: classification,28,1987,2021,34
136,298,Collaborative Image Synthesis and Disease Diagnosis for Classification of Neurodegenerative Disorders with Incomplete Multi-modal Neuroimages,"Yongsheng Pan, Yuanyuan Chen, Dinggang Shen, Yong Xia",480-489,/chapter/10.1007/978-3-030-87240-3_46,2021,5,category: classification,15,2008,2020,12
137,300,Meta-modulation Network for Domain Generalization in Multi-site fMRI Classification,"Jaein Lee, Eunsong Kang, Eunjin Jeon, Heung-Il Suk",500-509,/chapter/10.1007/978-3-030-87240-3_48,2021,5,category: classification,23,1992,2020,28
138,301,3D Brain Midline Delineation for Hematoma Patients,"Chenchen Qin, Haoming Li, Yixun Liu, Hong Shang, Hanqi Pei, Xiaoning Wang et al.",510-518,/chapter/10.1007/978-3-030-87240-3_49,2021,5,category: classification,11,2009,2020,11
139,302,Unsupervised Representation Learning Meets Pseudo-Label Supervised Self-Distillation: A New Approach to Rare Disease Classification,"Jinghan Sun, Dong Wei, Kai Ma, Liansheng Wang, Yefeng Zheng",519-529,/chapter/10.1007/978-3-030-87240-3_50,2021,5,category: classification,33,2006,2021,15
140,304,Automating Embryo Development Stage Detection in Time-Lapse Imaging with Synergic Loss and Temporal Learning,"Lisette Lockhart, Parvaneh Saeedi, Jason Au, Jon Havelock",540-549,/chapter/10.1007/978-3-030-87240-3_52,2021,5,category: classification,20,1997,2020,23
141,306,Few Trust Data Guided Annotation Refinement for Upper Gastrointestinal Anatomy Recognition,"Yan Li, Kai Lan, Xiaoyi Chen, Li Quan, Ni Zhang",561-570,/chapter/10.1007/978-3-030-87240-3_54,2021,5,category: classification,16,2014,2020,6
142,307,Asymmetric 3D Context Fusion for Universal Lesion Detection,"Jiancheng Yang, Yi He, Kaiming Kuang, Zudi Lin, Hanspeter Pfister, Bingbing Ni",571-580,/chapter/10.1007/978-3-030-87240-3_55,2021,5,category: classification,26,2004,2021,17
143,308,Detecting Outliers with Poisson Image Interpolation,"Jeremy Tan, Benjamin Hou, Thomas Day, John Simpson, Daniel Rueckert, Bernhard Kainz",581-591,/chapter/10.1007/978-3-030-87240-3_56,2021,5,category: classification,33,2000,2021,21
144,309,MG-NET: Leveraging Pseudo-imaging for Multi-modal Metagenome Analysis,"Sathyanarayanan N. Aakur, Sai Narayanan, Vineela Indla, Arunkumar Bagavathi, Vishalini Laguduva Ramnath, Akhilesh Ramachandran",592-602,/chapter/10.1007/978-3-030-87240-3_57,2021,5,category: classification,31,2003,2021,18
145,310,Multimodal Multitask Deep Learning for X-Ray Image Retrieval,"Yang Yu, Peng Hu, Jie Lin, Pavitra Krishnaswamy",603-613,/chapter/10.1007/978-3-030-87240-3_58,2021,5,category: classification,30,1998,2021,23
146,311,Linear Prediction Residual for Efficient Diagnosis of Parkinson’s Disease from Gait,"Shanmukh Alle, U. Deva Priyakumar",614-623,/chapter/10.1007/978-3-030-87240-3_59,2021,5,category: classification,22,1975,2021,46
147,312,Primary Tumor and Inter-Organ Augmentations for Supervised Lymph Node Colon Adenocarcinoma Metastasis Detection,"Apostolia Tsirikoglou, Karin Stacke, Gabriel Eilertsen, Jonas Unger",624-633,/chapter/10.1007/978-3-030-87240-3_60,2021,5,category: classification,24,2000,2021,21
148,313,Radiomics-Informed Deep Curriculum Learning for Breast Cancer Diagnosis,"Giacomo Nebbia, Saba Dadsetan, Dooman Arefan, Margarita L. Zuley, Jules H. Sumkin, Heng Huang et al.",634-643,/chapter/10.1007/978-3-030-87240-3_61,2021,5,category: classification,23,1988,2021,33
149,314,Lung Cancer Risk Estimation with Incomplete Data: A Joint Missing Imputation Perspective,"Riqiang Gao, Yucheng Tang, Kaiwen Xu, Ho Hin Lee, Steve Deppen, Kim Sandler et al.",647-656,/chapter/10.1007/978-3-030-87240-3_62,2021,5,category: classification,28,1976,2021,45
150,315,Co-graph Attention Reasoning Based Imaging and Clinical Features Integration for Lymph Node Metastasis Prediction,"Hui Cui, Ping Xuan, Qiangguo Jin, Mingjun Ding, Butuo Li, Bing Zou et al.",657-666,/chapter/10.1007/978-3-030-87240-3_63,2021,5,category: classification,19,2015,2021,6
151,316,"Deep Orthogonal Fusion: Multimodal Prognostic Biomarker Discovery Integrating Radiology, Pathology, Genomic, and Clinical Data","Nathaniel Braman, Jacob W. H. Gordon, Emery T. Goossens, Caleb Willis, Martin C. Stumpe, Jagadish Venkataraman",667-677,/chapter/10.1007/978-3-030-87240-3_64,2021,5,category: classification,21,1947,2021,74
152,318,Combining 3D Image and Tabular Data via the Dynamic Affine Feature Map Transform,"Sebastian Pölsterl, Tom Nuno Wolf, Christian Wachinger",688-698,/chapter/10.1007/978-3-030-87240-3_66,2021,5,category: classification,29,1972,2021,49
153,320,GKD: Semi-supervised Graph Knowledge Distillation for Graph-Independent Inference,"Mahsa Ghorbani, Mojtaba Bahrami, Anees Kazi, Mahdieh Soleymani Baghshah, Hamid R. Rabiee, Nassir Navab",709-718,/chapter/10.1007/978-3-030-87240-3_68,2021,5,category: classification,30,2002,2021,19
154,321,Predicting Esophageal Fistula Risks Using a Multimodal Self-attention Network,"Yulu Guan, Hui Cui, Yiyue Xu, Qiangguo Jin, Tian Feng, Huawei Tu et al.",721-730,/chapter/10.1007/978-3-030-87240-3_69,2021,5,category: classification,22,2016,2021,5
155,322,Hybrid Aggregation Network for Survival Analysis from Whole Slide Histopathological Images,"Jia-Ren Chang, Ching-Yi Lee, Chi-Chung Chen, Joachim Reischl, Talha Qaiser, Chao-Yuan Yeh",731-740,/chapter/10.1007/978-3-030-87240-3_70,2021,5,category: classification,23,1997,2020,23
156,323,Intracerebral Haemorrhage Growth Prediction Based on Displacement Vector Field and Clinical Metadata,"Ting Xiao, Han Zheng, Xiaoning Wang, Xinghan Chen, Jianbo Chang, Jianhua Yao et al.",741-751,/chapter/10.1007/978-3-030-87240-3_71,2021,5,category: classification,27,2001,2021,20
157,324,AMINN: Autoencoder-Based Multiple Instance Neural Network Improves Outcome Prediction in Multifocal Liver Metastases,"Jianan Chen, Helen M. C. Cheung, Laurent Milot, Anne L. Martel",752-761,/chapter/10.1007/978-3-030-87240-3_72,2021,5,category: classification,23,1996,2021,25
158,325,"Survival Prediction Based on Histopathology Imaging and Clinical Data: A Novel, Whole Slide CNN Approach","Saloni Agarwal, Mohamedelfatih Eltigani Osman Abaker, Ovidiu Daescu",762-771,/chapter/10.1007/978-3-030-87240-3_73,2021,5,category: classification,20,1982,2020,38
159,326,Beyond Non-maximum Suppression - Detecting Lesions in Digital Breast Tomosynthesis Volumes,"Yoel Shoshan, Aviad Zlotnick, Vadim Ratner, Daniel Khapun, Ella Barkan, Flora Gilboa-Solomon",772-781,/chapter/10.1007/978-3-030-87240-3_74,2021,5,category: classification,15,1999,2021,22
160,327,A Structural Causal Model for MR Images of Multiple Sclerosis,"Jacob C. Reinhold, Aaron Carass, Jerry L. Prince",782-792,/chapter/10.1007/978-3-030-87240-3_75,2021,5,category: classification,34,2008,2021,13
161,328, $$\mathsf {EMA}$$ EMA : Auditing Data Removal from Trained Models,"Yangsibo Huang, Xiaoxiao Li, Kai Li",793-803,/chapter/10.1007/978-3-030-87240-3_76,2021,5,category: classification,19,1996,2020,24
162,329,AnaXNet: Anatomy Aware Multi-label Finding Classification in Chest X-Ray,"Nkechinyere N. Agu, Joy T. Wu, Hanqing Chao, Ismini Lourentzou, Arjun Sharma, Mehdi Moradi et al.",804-813,/chapter/10.1007/978-3-030-87240-3_77,2021,5,category: classification,34,2013,2021,8
163,330,Projection-Wise Disentangling for Fair and Interpretable Representation Learning: Application to 3D Facial Shape Analysis,"Xianjing Liu, Bo Li, Esther E. Bron, Wiro J. Niessen, Eppo B. Wolvius, Gennady V. Roshchupkin",814-823,/chapter/10.1007/978-3-030-87240-3_78,2021,5,category: classification,21,2003,2021,18
164,331,Attention-Based Multi-scale Gated Recurrent Encoder with Novel Correlation Loss for COVID-19 Progression Prediction,"Aishik Konwer, Joseph Bae, Gagandeep Singh, Rishabh Gattu, Syed Ali, Jeremy Green et al.",824-833,/chapter/10.1007/978-3-030-87240-3_79,2021,5,category: classification,15,2014,2021,7
165,332,Two-Stage Self-supervised Cycle-Consistency Network for Reconstruction of Thin-Slice MR Images,"Zhiyang Lu, Zheng Li, Jun Wang, Jun Shi, Dinggang Shen",3-12,/chapter/10.1007/978-3-030-87231-1_1,2021,6,category: classification,20,2008,2020,12
166,334,TarGAN: Target-Aware Generative Adversarial Networks for Multi-modality Medical Image Translation,"Junxiao Chen, Jia Wei, Rui Li",24-33,/chapter/10.1007/978-3-030-87231-1_3,2021,6,category: classification,21,2015,2021,6
167,335,Synthesizing Multi-tracer PET Images for Alzheimer’s Disease Patients Using a 3D Unified Anatomy-Aware Cyclic Adversarial Network,"Bo Zhou, Rui Wang, Ming-Kai Chen, Adam P. Mecca, Ryan S. O’Dell, Christopher H. Van Dyck et al.",34-43,/chapter/10.1007/978-3-030-87231-1_4,2021,6,category: classification,18,2004,2021,17
168,337,TransCT: Dual-Path Transformer for Low Dose Computed Tomography,"Zhicheng Zhang, Lequan Yu, Xiaokun Liang, Wei Zhao, Lei Xing",55-64,/chapter/10.1007/978-3-030-87231-1_6,2021,6,category: classification,34,2006,2021,15
169,342,InDuDoNet: An Interpretable Dual Domain Network for CT Metal Artifact Reduction,"Hong Wang, Yuexiang Li, Haimiao Zhang, Jiawei Chen, Kai Ma, Deyu Meng et al.",107-118,/chapter/10.1007/978-3-030-87231-1_11,2021,6,category: classification,32,1987,2021,34
170,343,Depth Estimation for Colonoscopy Images with Self-supervised Learning from Videos,"Kai Cheng, Yiting Ma, Bin Sun, Yang Li, Xuejin Chen",119-128,/chapter/10.1007/978-3-030-87231-1_12,2021,6,category: classification,23,2014,2021,7
171,345,Multi-contrast MRI Super-Resolution via a Multi-stage Integration Network,"Chun-Mei Feng, Huazhu Fu, Shuhao Yuan, Yong Xu",140-149,/chapter/10.1007/978-3-030-87231-1_14,2021,6,category: classification,28,2007,2021,14
172,347,Real-Time Mapping of Tissue Properties for Magnetic Resonance Fingerprinting,"Yilin Liu, Yong Chen, Pew-Thian Yap",161-170,/chapter/10.1007/978-3-030-87231-1_16,2021,6,category: classification,22,1997,2020,23
173,351,Self Context and Shape Prior for Sensorless Freehand 3D Ultrasound Reconstruction,"Mingyuan Luo, Xin Yang, Xiaoqiong Huang, Yuhao Huang, Yuxin Zou, Xindi Hu et al.",201-210,/chapter/10.1007/978-3-030-87231-1_20,2021,6,category: classification,18,2003,2020,17
174,353,A Neural Framework for Multi-variable Lesion Quantification Through B-Mode Style Transfer,"SeokHwan Oh, Myeong-Gee Kim, Youngmin Kim, Hyuksool Kwon, Hyeon-Min Bae",222-231,/chapter/10.1007/978-3-030-87231-1_22,2021,6,category: classification,25,1978,2021,43
175,355,Dual-Domain Adaptive-Scaling Non-local Network for CT Metal Artifact Reduction,"Tao Wang, Wenjun Xia, Yongqiang Huang, Huaiqiang Sun, Yan Liu, Hu Chen et al.",243-253,/chapter/10.1007/978-3-030-87231-1_24,2021,6,category: classification,32,1978,2021,43
176,357,Adaptive Squeeze-and-Shrink Image Denoising for Improving Deep Detection of Cerebral Microbleeds,"Hangfan Liu, Tanweer Rashid, Jeffrey Ware, Paul Jensen, Thomas Austin, Ilya Nasrallah et al.",265-275,/chapter/10.1007/978-3-030-87231-1_26,2021,6,category: classification,36,1994,2021,27
177,358,3D Transformer-GAN for High-Quality PET Reconstruction,"Yanmei Luo, Yan Wang, Chen Zu, Bo Zhan, Xi Wu, Jiliu Zhou et al.",276-285,/chapter/10.1007/978-3-030-87231-1_27,2021,6,category: classification,17,2007,2021,14
178,360,U-DuDoNet: Unpaired Dual-Domain Network for CT Metal Artifact Reduction,"Yuanyuan Lyu, Jiajun Fu, Cheng Peng, S. Kevin Zhou",296-306,/chapter/10.1007/978-3-030-87231-1_29,2021,6,category: classification,28,1987,2021,34
179,362,Conditional GAN with an Attention-Based Generator and a 3D Discriminator for 3D Medical Image Generation,"Euijin Jung, Miguel Luna, Sang Hyun Park",318-328,/chapter/10.1007/978-3-030-87231-1_31,2021,6,category: classification,30,2006,2020,14
180,364,Rician Noise Estimation for 3D Magnetic Resonance Images Based on Benford’s Law,"Rosa Maza-Quiroga, Karl Thurnhofer-Hemsi, Domingo López-Rodríguez, Ezequiel López-Rubio",340-349,/chapter/10.1007/978-3-030-87231-1_33,2021,6,category: classification,27,1995,2020,25
181,365,Deep J-Sense: Accelerated MRI Reconstruction via Unrolled Alternating Optimization,"Marius Arvinte, Sriram Vishwanath, Ahmed H. Tewfik, Jonathan I. Tamir",350-360,/chapter/10.1007/978-3-030-87231-1_34,2021,6,category: classification,27,1994,2021,27
182,367,High-Resolution Hierarchical Adversarial Learning for OCT Speckle Noise Reduction,"Yi Zhou, Jiang Li, Meng Wang, Weifang Zhu, Yuanyuan Peng, Zhongyue Chen et al.",372-381,/chapter/10.1007/978-3-030-87231-1_36,2021,6,category: classification,17,2002,2021,19
183,370,Sequential Lung Nodule Synthesis Using Attribute-Guided Generative Adversarial Networks,"Sungho Suh, Sojeong Cheon, Dong-Jin Chang, Deukhee Lee, Yong Oh Lee",402-411,/chapter/10.1007/978-3-030-87231-1_39,2021,6,category: classification,11,2014,2019,5
184,371,A Data-Driven Approach for High Frame Rate Synthetic Transmit Aperture Ultrasound Imaging,"Yinran Chen, Jing Liu, Jianwen Luo, Xiongbiao Luo",412-420,/chapter/10.1007/978-3-030-87231-1_40,2021,6,category: classification,17,1992,2020,28
185,372,Interpretable Deep Learning for Multimodal Super-Resolution of Medical Images,"Evaggelia Tsiligianni, Matina Zerva, Iman Marivani, Nikos Deligiannis, Lisimachos Kondi",421-429,/chapter/10.1007/978-3-030-87231-1_41,2021,6,category: classification,30,2004,2020,16
186,377,SA-GAN: Structure-Aware GAN for Organ-Preserving Synthetic CT Generation,"Hajar Emami, Ming Dong, Siamak P. Nejad-Davarani, Carri K. Glide-Hurst",471-481,/chapter/10.1007/978-3-030-87231-1_46,2021,6,category: classification,30,2010,2020,10
187,379,Ultrasound Video Transformers for Cardiac Ejection Fraction Estimation,"Hadrien Reynaud, Athanasios Vlontzos, Benjamin Hou, Arian Beqiri, Paul Leeson, Bernhard Kainz",495-505,/chapter/10.1007/978-3-030-87231-1_48,2021,6,category: classification,26,1979,2020,41
188,380,EchoCP: An Echocardiography Dataset in Contrast Transthoracic Echocardiography for Patent Foramen Ovale Diagnosis,"Tianchen Wang, Zhihe Li, Meiping Huang, Jian Zhuang, Shanshan Bi, Jiawei Zhang et al.",506-515,/chapter/10.1007/978-3-030-87231-1_49,2021,6,category: classification,21,1984,2020,36
189,381,Transformer Network for Significant Stenosis Detection in CCTA of Coronary Arteries,"Xinghua Ma, Gongning Luo, Wei Wang, Kuanquan Wang",516-525,/chapter/10.1007/978-3-030-87231-1_50,2021,6,category: classification,18,2007,2020,13
190,382,Training Automatic View Planner for Cardiac MR Imaging via Self-supervision by Spatial Relationship Between Views,"Dong Wei, Kai Ma, Yefeng Zheng",526-536,/chapter/10.1007/978-3-030-87231-1_51,2021,6,category: classification,25,2011,2020,9
191,383,Phase-Independent Latent Representation for Cardiac Shape Analysis,"Josquin Harrison, Marco Lorenzi, Benoit Legghe, Xavier Iriart, Hubert Cochet, Maxime Sermesant",537-546,/chapter/10.1007/978-3-030-87231-1_52,2021,6,category: classification,13,2009,2020,11
192,384,Cardiac Transmembrane Potential Imaging with GCN Based Iterative Soft Threshold Network,"Lide Mu, Huafeng Liu",547-556,/chapter/10.1007/978-3-030-87231-1_53,2021,6,category: classification,14,2001,2020,19
193,386,TVnet: Automated Time-Resolved Tracking of the Tricuspid Valve Plane in MRI Long-Axis Cine Images with a Dual-Stage Deep Learning Pipeline,"Ricardo A. Gonzales, Jérôme Lamy, Felicia Seemann, Einar Heiberg, John A. Onofrey, Dana C. Peters",567-576,/chapter/10.1007/978-3-030-87231-1_55,2021,6,category: classification,18,2006,2021,15
194,387,Deep Open Snake Tracker for Vessel Tracing,"Li Chen, Wenjin Liu, Niranjan Balu, Mahmud Mossa-Basha, Thomas S. Hatsukami, Jenq-Neng Hwang et al.",579-589,/chapter/10.1007/978-3-030-87231-1_56,2021,6,category: classification,28,1956,2021,65
195,390,Renal Cell Carcinoma Classification from Vascular Morphology,"Rudan Xiao, Eric Debreuve, Damien Ambrosetti, Xavier Descombes",611-621,/chapter/10.1007/978-3-030-87231-1_59,2021,6,category: classification,37,1967,2021,54
196,391,Learning More for Free - A Multi Task Learning Approach for Improved Pathology Classification in Capsule Endoscopy,"Anuja Vats, Marius Pedersen, Ahmed Mohammed, Øistein Hovde",3-13,/chapter/10.1007/978-3-030-87234-2_1,2021,7,category: classification,26,1993,2020,27
197,392,Learning-Based Attenuation Quantification in Abdominal Ultrasound,"Myeong-Gee Kim, SeokHwan Oh, Youngmin Kim, Hyuksool Kwon, Hyeon-Min Bae",14-23,/chapter/10.1007/978-3-030-87234-2_2,2021,7,category: classification,18,1995,2021,26
198,393,Colorectal Polyp Classification from White-Light Colonoscopy Images via Domain Alignment,"Qin Wang, Hui Che, Weizhen Ding, Li Xiang, Guanbin Li, Zhen Li et al.",24-32,/chapter/10.1007/978-3-030-87234-2_3,2021,7,category: classification,13,2016,2020,4
199,394,Non-invasive Assessment of Hepatic Venous Pressure Gradient (HVPG) Based on MR Flow Imaging and Computational Fluid Dynamics,"Kexin Wang, Shuo Wang, Minghua Xiong, Chengyan Wang, He Wang",33-42,/chapter/10.1007/978-3-030-87234-2_4,2021,7,category: classification,18,2003,2020,17
200,398,Self-adversarial Learning for Detection of Clustered Microcalcifications in Mammograms,"Xi Ouyang, Jifei Che, Qitian Chen, Zheren Li, Yiqiang Zhan, Zhong Xue et al.",78-87,/chapter/10.1007/978-3-030-87234-2_8,2021,7,category: classification,22,1972,2020,48
201,399,Graph Transformers for Characterization and Interpretation of Surgical Margins,"Amoon Jamzad, Alice Santilli, Faranak Akbarifar, Martin Kaufmann, Kathryn Logan, Julie Wallis et al.",88-97,/chapter/10.1007/978-3-030-87234-2_9,2021,7,category: classification,15,2008,2021,13
202,400,Domain Generalization for Mammography Detection via Multi-style and Multi-view Contrastive Learning,"Zheren Li, Zhiming Cui, Sheng Wang, Yuji Qi, Xi Ouyang, Qitian Chen et al.",98-108,/chapter/10.1007/978-3-030-87234-2_10,2021,7,category: classification,26,2008,2021,13
203,402,BI-RADS Classification of Calcification on Mammograms,"Yanbo Zhang, Yuxing Tang, Zhenjie Cao, Mei Han, Jing Xiao, Jie Ma et al.",119-128,/chapter/10.1007/978-3-030-87234-2_12,2021,7,category: classification,22,1993,2021,28
204,403,Supervised Contrastive Pre-training for Mammographic Triage Screening Models,"Zhenjie Cao, Zhicheng Yang, Yuxing Tang, Yanbo Zhang, Mei Han, Jing Xiao et al.",129-139,/chapter/10.1007/978-3-030-87234-2_13,2021,7,category: classification,30,2006,2021,15
205,404,Trainable Summarization to Improve Breast Tomosynthesis Classification,"Mickael Tardy, Diana Mateus",140-149,/chapter/10.1007/978-3-030-87234-2_14,2021,7,category: classification,23,1988,2021,33
206,405,Multi-level Relationship Capture Network for Automated Skin Lesion Recognition,"Zihao Liu, Ruiqin Xiong, Tingting Jiang",153-164,/chapter/10.1007/978-3-030-87234-2_15,2021,7,category: classification,30,2006,2020,14
207,406,Culprit-Prune-Net: Efficient Continual Sequential Multi-domain Learning with Application to Skin Lesion Classification,"Nourhan Bayasi, Ghassan Hamarneh, Rafeef Garbi",165-175,/chapter/10.1007/978-3-030-87234-2_16,2021,7,category: classification,26,1994,2021,27
208,407,End-to-End Ugly Duckling Sign Detection for Melanoma Identification with Transformers,"Zhen Yu, Victoria Mar, Anders Eriksson, Shakes Chandra, Paul Bonnington, Lei Zhang et al.",176-184,/chapter/10.1007/978-3-030-87234-2_17,2021,7,category: classification,12,1998,2020,22
209,408,Automatic Severity Rating for Improved Psoriasis Treatment,"Xian Wu, Yangtian Yan, Shuang Zhao, Yehong Kuang, Shen Ge, Kai Wang et al.",185-194,/chapter/10.1007/978-3-030-87234-2_18,2021,7,category: classification,20,2004,2020,16
210,410,Detecting Hypo-plastic Left Heart Syndrome in Fetal Ultrasound via Disease-Specific Atlas Maps,"Samuel Budd, Matthew Sinclair, Thomas Day, Athanasios Vlontzos, Jeremy Tan, Tianrui Liu et al.",207-217,/chapter/10.1007/978-3-030-87234-2_20,2021,7,category: classification,25,2008,2021,13
211,411,EllipseNet: Anchor-Free Ellipse Detection for Automatic Cardiac Biometrics in Fetal Echocardiography,"Jiancong Chen, Yingying Zhang, Jingyi Wang, Xiaoxue Zhou, Yihua He, Tong Zhang",218-227,/chapter/10.1007/978-3-030-87234-2_21,2021,7,category: classification,16,2011,2021,10
212,414,Leveraging Auxiliary Information from EMR for Weakly Supervised Pulmonary Nodule Detection,"Hao-Hsiang Yang, Fu-En Wang, Cheng Sun, Kuan-Chih Huang, Hung-Wei Chen, Yi Chen et al.",251-261,/chapter/10.1007/978-3-030-87234-2_24,2021,7,category: classification,34,2015,2021,6
213,415,M-SEAM-NAM: Multi-instance Self-supervised Equivalent Attention Mechanism with Neighborhood Affinity Module for Double Weakly Supervised Segmentation of COVID-19,"Wen Tang, Han Kang, Ying Cao, Pengxin Yu, Hu Han, Rongguo Zhang et al.",262-272,/chapter/10.1007/978-3-030-87234-2_25,2021,7,category: classification,20,1998,2020,22
214,416,Longitudinal Quantitative Assessment of COVID-19 Infection Progression from Chest CTs,"Seong Tae Kim, Leili Goli, Magdalini Paschali, Ashkan Khakzar, Matthias Keicher, Tobias Czempiel et al.",273-282,/chapter/10.1007/978-3-030-87234-2_26,2021,7,category: classification,28,1990,2021,31
215,417,Beyond COVID-19 Diagnosis: Prognosis with Hierarchical Graph Representation Learning,"Chen Liu, Jinze Cui, Dailin Gan, Guosheng Yin",283-292,/chapter/10.1007/978-3-030-87234-2_27,2021,7,category: classification,17,1989,2020,31
216,418,RATCHET: Medical Transformer for Chest X-ray Diagnosis and Reporting,"Benjamin Hou, Georgios Kaissis, Ronald M. Summers, Bernhard Kainz",293-303,/chapter/10.1007/978-3-030-87234-2_28,2021,7,category: classification,26,2013,2020,7
217,419,Detecting When Pre-trained nnU-Net Models Fail Silently for Covid-19 Lung Lesion Segmentation,"Camila Gonzalez, Karol Gotkowski, Andreas Bucher, Ricarda Fischbach, Isabel Kaltenborn, Anirban Mukhopadhyay",304-314,/chapter/10.1007/978-3-030-87234-2_29,2021,7,category: classification,26,2012,2021,9
218,421,Pristine Annotations-Based Multi-modal Trained Artificial Intelligence Solution to Triage Chest X-Ray for COVID-19,"Tao Tan, Bipul Das, Ravi Soni, Mate Fejes, Sohan Ranjan, Daniel Attila Szabo et al.",325-334,/chapter/10.1007/978-3-030-87234-2_31,2021,7,category: classification,18,2007,2020,13
219,423,Chest Radiograph Disentanglement for COVID-19 Outcome Prediction,"Lei Zhou, Joseph Bae, Huidong Liu, Gagandeep Singh, Jeremy Green, Dimitris Samaras et al.",345-355,/chapter/10.1007/978-3-030-87234-2_33,2021,7,category: classification,23,2010,2021,11
220,424,Attention Based CNN-LSTM Network for Pulmonary Embolism Prediction on Chest Computed Tomography Pulmonary Angiograms,"Sudhir Suman, Gagandeep Singh, Nicole Sakla, Rishabh Gattu, Jeremy Green, Tej Phatak et al.",356-366,/chapter/10.1007/978-3-030-87234-2_34,2021,7,category: classification,26,2002,2021,19
221,425,LuMiRa: An Integrated Lung Deformation Atlas and 3D-CNN Model of Infiltrates for COVID-19 Prognosis,"Amogh Hiremath, Lei Yuan, Rakesh Shiradkar, Kaustav Bera, Vidya Sankar Viswanathan, Pranjal Vaidya et al.",367-377,/chapter/10.1007/978-3-030-87234-2_35,2021,7,category: classification,23,1988,2021,33
222,426,Multi-site Incremental Image Quality Assessment of Structural MRI via Consensus Adversarial Representation Adaptation,"Siyuan Liu, Kim-Han Thung, Weili Lin, Pew-Thian Yap",381-389,/chapter/10.1007/978-3-030-87234-2_36,2021,7,category: classification,9,2001,2019,18
223,427,Surface-Guided Image Fusion for Preserving Cortical Details in Human Brain Templates,"Sahar Ahmad, Ye Wu, Pew-Thian Yap",390-399,/chapter/10.1007/978-3-030-87234-2_37,2021,7,category: classification,21,2002,2021,19
224,429,ACN: Adversarial Co-training Network for Brain Tumor Segmentation with Missing Modalities,"Yixin Wang, Yang Zhang, Yang Liu, Zihao Lin, Jiang Tian, Cheng Zhong et al.",410-420,/chapter/10.1007/978-3-030-87234-2_39,2021,7,category: classification,20,2000,2021,21
225,433,Joint PVL Detection and Manual Ability Classification Using Semi-supervised Multi-task Learning,"Jingyun Yang, Jie Hu, Yicong Li, Heng Liu, Yang Li",453-463,/chapter/10.1007/978-3-030-87234-2_43,2021,7,category: classification,27,1985,2020,35
226,436,Accurate Parameter Estimation in Fetal Diffusion-Weighted MRI - Learning from Fetal and Newborn Data,"Davood Karimi, Lana Vasung, Fedel Machado-Rivas, Camilo Jaimes, Shadab Khan, Ali Gholipour",487-496,/chapter/10.1007/978-3-030-87234-2_46,2021,7,category: classification,33,1999,2021,22
227,437,Deep Fiber Clustering: Anatomically Informed Unsupervised Deep Learning for Fast and Effective White Matter Parcellation,"Yuqian Chen, Chaoyi Zhang, Yang Song, Nikos Makris, Yogesh Rathi, Weidong Cai et al.",497-507,/chapter/10.1007/978-3-030-87234-2_47,2021,7,category: classification,43,1994,2020,26
228,438,Disentangled and Proportional Representation Learning for Multi-view Brain Connectomes,"Yanfu Zhang, Liang Zhan, Shandong Wu, Paul Thompson, Heng Huang",508-518,/chapter/10.1007/978-3-030-87234-2_48,2021,7,category: classification,28,2003,2020,17
229,441,Detecting Brain State Changes by Geometric Deep Learning of Functional Dynamics on Riemannian Manifold,"Zhuobin Huang, Hongmin Cai, Tingting Dan, Yi Lin, Paul Laurienti, Guorong Wu",543-552,/chapter/10.1007/978-3-030-87234-2_51,2021,7,category: classification,16,1995,2020,25
230,442,From Brain to Body: Learning Low-Frequency Respiration and Cardiac Signals from fMRI Dynamics,"Roza G. Bayrak, Colin B. Hansen, Jorge A. Salas, Nafis Ahmed, Ilwoo Lyu, Yuankai Huo et al.",553-563,/chapter/10.1007/978-3-030-87234-2_52,2021,7,category: classification,29,2004,2021,17
231,443,Multi-head GAGNN: A Multi-head Guided Attention Graph Neural Network for Modeling Spatio-temporal Patterns of Holistic Brain Functional Networks,"Jiadong Yan, Yuzhong Chen, Shimin Yang, Shu Zhang, Mingxin Jiang, Zhongbo Zhao et al.",564-573,/chapter/10.1007/978-3-030-87234-2_53,2021,7,category: classification,21,1993,2020,27
232,444,Building Dynamic Hierarchical Brain Networks and Capturing Transient Meta-states for Early Mild Cognitive Impairment Diagnosis,"Mianxin Liu, Han Zhang, Feng Shi, Dinggang Shen",574-583,/chapter/10.1007/978-3-030-87234-2_54,2021,7,category: classification,16,2011,2021,10
233,445,Recurrent Multigraph Integrator Network for Predicting the Evolution of Population-Driven Brain Connectivity Templates,"Oytun Demirbilek, Islem Rekik",584-594,/chapter/10.1007/978-3-030-87234-2_55,2021,7,category: classification,23,2005,2021,16
234,448,Estimation of Spontaneous Neuronal Activity Using Homomorphic Filtering,"Sukesh Kumar Das, Anil K. Sao, Bharat Biswal",615-624,/chapter/10.1007/978-3-030-87234-2_58,2021,7,category: classification,24,1912,2020,108
235,449,A Matrix Autoencoder Framework to Align the Functional and Structural Connectivity Manifolds as Guided by Behavioral Phenotypes,"Niharika Shimona D’Souza, Mary Beth Nebel, Deana Crocetti, Joshua Robinson, Stewart Mostofsky, Archana Venkataraman",625-636,/chapter/10.1007/978-3-030-87234-2_59,2021,7,category: classification,40,2001,2020,19
236,450,Topological Receptive Field Model for Human Retinotopic Mapping,"Yanshuai Tu, Duyan Ta, Zhong-Lin Lu, Yalin Wang",639-649,/chapter/10.1007/978-3-030-87234-2_60,2021,7,category: classification,30,1962,2020,58
237,452,LG-Net: Lesion Gate Network for Multiple Sclerosis Lesion Inpainting,"Zihao Tang, Mariano Cabezas, Dongnan Liu, Michael Barnett, Weidong Cai, Chenyu Wang",660-669,/chapter/10.1007/978-3-030-87234-2_62,2021,7,category: classification,19,2000,2021,21
238,453,Self-Supervised Lesion Change Detection and Localisation in Longitudinal Multiple Sclerosis Brain Imaging,"Minh-Son To, Ian G. Sarno, Chee Chong, Mark Jenkinson, Gustavo Carneiro",670-680,/chapter/10.1007/978-3-030-87234-2_63,2021,7,category: classification,39,2003,2020,17
239,454,SyNCCT: Synthetic Non-contrast Images of the Brain from Single-Energy Computed Tomography Angiography,"Florian Thamm, Oliver Taubmann, Felix Denzinger, Markus Jürgens, Hendrik Ditt, Andreas Maier",681-690,/chapter/10.1007/978-3-030-87234-2_64,2021,7,category: classification,20,2000,2021,21
240,457,Personalized Matching and Analysis of Cortical Folding Patterns via Patch-Based Intrinsic Brain Mapping,"Jiong Zhang, Yonggang Shi",710-720,/chapter/10.1007/978-3-030-87234-2_67,2021,7,category: classification,15,1999,2019,20
241,458,A Location Constrained Dual-Branch Network for Reliable Diagnosis of Jaw Tumors and Cysts,"Jiacong Hu, Zunlei Feng, Yining Mao, Jie Lei, Dan Yu, Mingli Song",723-732,/chapter/10.1007/978-3-030-87234-2_68,2021,7,category: classification,24,1998,2021,23
242,460,Parallel Capsule Networks for Classification of White Blood Cells,"Juan P. Vigueras-Guillén, Arijit Patra, Ola Engkvist, Frank Seeliger",743-752,/chapter/10.1007/978-3-030-87234-2_70,2021,7,category: classification,22,2012,2021,9
243,461,Incorporating Isodose Lines and Gradient Information via Multi-task Learning for Dose Prediction in Radiotherapy,"Shuai Tan, Pin Tang, Xingchen Peng, Jianghong Xiao, Chen Zu, Xi Wu et al.",753-763,/chapter/10.1007/978-3-030-87234-2_71,2021,7,category: classification,19,1999,2021,22
244,464,Multiple Instance Learning with Auxiliary Task Weighting for Multiple Myeloma Classification,"Talha Qaiser, Stefan Winzeck, Theodore Barfoot, Tara Barwick, Simon J. Doran, Martin F. Kaiser et al.",786-796,/chapter/10.1007/978-3-030-87234-2_74,2021,7,category: classification,24,1999,2021,22
245,465,Relational Subsets Knowledge Distillation for Long-Tailed Retinal Diseases Recognition,"Lie Ju, Xin Wang, Lin Wang, Tongliang Liu, Xin Zhao, Tom Drummond et al.",3-12,/chapter/10.1007/978-3-030-87237-3_1,2021,8,category: classification,15,2015,2021,6
246,467,Distinguishing Differences Matters: Focal Contrastive Network for Peripheral Anterior Synechiae Recognition,"Yifan Yang, Huihui Fang, Qing Du, Fei Li, Xiulan Zhang, Mingkui Tan et al.",24-33,/chapter/10.1007/978-3-030-87237-3_3,2021,8,category: classification,20,1966,2020,54
247,469,MIL-VT: Multiple Instance Learning Enhanced Vision Transformer for Fundus Image Classification,"Shuang Yu, Kai Ma, Qi Bi, Cheng Bian, Munan Ning, Nanjun He et al.",45-54,/chapter/10.1007/978-3-030-87237-3_5,2021,8,category: classification,19,2016,2021,5
248,470,Local-Global Dual Perception Based Deep Multiple Instance Learning for Retinal Disease Classification,"Qi Bi, Shuang Yu, Wei Ji, Cheng Bian, Lijun Gong, Hanruo Liu et al.",55-64,/chapter/10.1007/978-3-030-87237-3_6,2021,8,category: classification,27,1997,2021,24
249,471,BSDA-Net: A Boundary Shape and Distance Aware Joint Learning Framework for Segmenting and Classifying OCTA Images,"Li Lin, Zhonghua Wang, Jiewei Wu, Yijin Huang, Junyan Lyu, Pujin Cheng et al.",65-75,/chapter/10.1007/978-3-030-87237-3_7,2021,8,category: classification,31,2009,2020,11
250,474,Few-Shot Transfer Learning for Hereditary Retinal Diseases Recognition,"Siwei Mai, Qian Li, Qi Zhao, Mingchen Gao",97-107,/chapter/10.1007/978-3-030-87237-3_10,2021,8,category: classification,24,2007,2021,14
251,476,GQ-GCN: Group Quadratic Graph Convolutional Network for Classification of Histopathological Images,"Zhiyang Gao, Jun Shi, Jun Wang",121-131,/chapter/10.1007/978-3-030-87237-3_12,2021,8,category: classification,20,2009,2020,11
252,477,Nuclei Grading of Clear Cell Renal Cell Carcinoma in Histopathological Image by Composite High-Resolution Network,"Zeyu Gao, Jiangbo Shi, Xianli Zhang, Yang Li, Haichuan Zhang, Jialun Wu et al.",132-142,/chapter/10.1007/978-3-030-87237-3_13,2021,8,category: classification,19,2009,2021,12
253,478,Prototypical Models for Classifying High-Risk Atypical Breast Lesions,"Akash Parvatikar, Om Choudhary, Arvind Ramanathan, Rebekah Jenkins, Olga Navolotskaia, Gloria Carter et al.",143-152,/chapter/10.1007/978-3-030-87237-3_14,2021,8,category: classification,20,1992,2020,28
254,479,Hierarchical Attention Guided Framework for Multi-resolution Collaborative Whole Slide Image Segmentation,"Jiangpeng Yan, Hanbo Chen, Kang Wang, Yan Ji, Yuyao Zhu, Jingjing Li et al.",153-163,/chapter/10.1007/978-3-030-87237-3_15,2021,8,category: classification,22,1974,2021,47
255,480,Hierarchical Phenotyping and Graph Modeling of Spatial Architecture in Lymphoid Neoplasms,"Pingjun Chen, Muhammad Aminu, Siba El Hussein, Joseph D. Khoury, Jia Wu",164-174,/chapter/10.1007/978-3-030-87237-3_16,2021,8,category: classification,30,2001,2021,20
256,481,A Computational Geometry Approach for Modeling Neuronal Fiber Pathways,"S. Shailja, Angela Zhang, B. S. Manjunath",175-185,/chapter/10.1007/978-3-030-87237-3_17,2021,8,category: classification,26,1991,2020,29
257,482,TransPath: Transformer-Based Self-supervised Learning for Histopathological Image Classification,"Xiyue Wang, Sen Yang, Jun Zhang, Minghui Wang, Jing Zhang, Junzhou Huang et al.",186-195,/chapter/10.1007/978-3-030-87237-3_18,2021,8,category: classification,20,2015,2021,6
258,483,From Pixel to Whole Slide: Automatic Detection of Microvascular Invasion in Hepatocellular Carcinoma on Histopathological Image via Cascaded Networks,"Hanbo Chen, Kang Wang, Yuyao Zhu, Jiangpeng Yan, Yan Ji, Jingjing Li et al.",196-205,/chapter/10.1007/978-3-030-87237-3_19,2021,8,category: classification,21,2013,2021,8
259,484,DT-MIL: Deformable Transformer for Multi-instance Learning on Histopathological Image,"Hang Li, Fan Yang, Yu Zhao, Xiaohan Xing, Jun Zhang, Mingxuan Gao et al.",206-216,/chapter/10.1007/978-3-030-87237-3_20,2021,8,category: classification,33,1979,2021,42
260,485,Early Detection of Liver Fibrosis Using Graph Convolutional Networks,"Marta Wojciechowska, Stefano Malacrino, Natalia Garcia Martin, Hamid Fehri, Jens Rittscher",217-226,/chapter/10.1007/978-3-030-87237-3_21,2021,8,category: classification,20,2007,2020,13
261,486,Hierarchical Graph Pathomic Network for Progression Free Survival Prediction,"Zichen Wang, Jiayun Li, Zhufeng Pan, Wenyuan Li, Anthony Sisk, Huihui Ye et al.",227-237,/chapter/10.1007/978-3-030-87237-3_22,2021,8,category: classification,26,2015,2021,6
262,489,Structure-Preserving Multi-domain Stain Color Augmentation Using Style-Transfer with Disentangled Representations,"Sophia J. Wagner, Nadieh Khalili, Raghav Sharma, Melanie Boxberg, Carsten Marr, Walter de Back et al.",257-266,/chapter/10.1007/978-3-030-87237-3_25,2021,8,category: classification,17,2001,2021,20
263,490,MetaCon: Meta Contrastive Learning for Microsatellite Instability Detection,"Yuqing Liu, Weiwen Wang, Chuan-Xian Ren, Dao-Qing Dai",267-276,/chapter/10.1007/978-3-030-87237-3_26,2021,8,category: classification,20,2008,2020,12
264,491,Generalizing Nucleus Recognition Model in Multi-source Ki67 Immunohistochemistry Stained Images via Domain-Specific Pruning,"Jiatong Cai, Chenglu Zhu, Can Cui, Honglin Li, Tong Wu, Shichuan Zhang et al.",277-287,/chapter/10.1007/978-3-030-87237-3_27,2021,8,category: classification,33,1955,2021,66
265,492,Cells are Actors: Social Network Analysis with Classical ML for SOTA Histology Image Classification,"Neda Zamanitajeddin, Mostafa Jahanifar, Nasir Rajpoot",288-298,/chapter/10.1007/978-3-030-87237-3_28,2021,8,category: classification,24,1953,2021,68
266,493,Instance-Based Vision Transformer for Subtyping of Papillary Renal Cell Carcinoma in Histopathological Image,"Zeyu Gao, Bangyang Hong, Xianli Zhang, Yang Li, Chang Jia, Jialun Wu et al.",299-308,/chapter/10.1007/978-3-030-87237-3_29,2021,8,category: classification,19,2002,2021,19
267,494,Hybrid Supervision Learning for Pathology Whole Slide Image Classification,"Jiahui Li, Wen Chen, Xiaodi Huang, Shuang Yang, Zhiqiang Hu, Qi Duan et al.",309-318,/chapter/10.1007/978-3-030-87237-3_30,2021,8,category: classification,25,1979,2020,41
268,495,MorphSet: Improving Renal Histopathology Case Assessment Through Learned Prognostic Vectors,"Pietro Antonio Cicalese, Syed Asad Rizvi, Victor Wang, Sai Patibandla, Pengyu Yuan, Samira Zare et al.",319-328,/chapter/10.1007/978-3-030-87237-3_31,2021,8,category: classification,15,2012,2021,9
269,496,Accounting for Dependencies in Deep Learning Based Multiple Instance Learning for Whole Slide Imaging,"Andriy Myronenko, Ziyue Xu, Dong Yang, Holger R. Roth, Daguang Xu",329-338,/chapter/10.1007/978-3-030-87237-3_32,2021,8,category: classification,18,1997,2021,24
270,497,Whole Slide Images are 2D Point Clouds: Context-Aware Survival Prediction Using Patch-Based Graph Convolutional Networks,"Richard J. Chen, Ming Y. Lu, Muhammad Shaban, Chengkuan Chen, Tiffany Y. Chen, Drew F. K. Williamson et al.",339-349,/chapter/10.1007/978-3-030-87237-3_33,2021,8,category: classification,29,2011,2021,10
271,498,Pay Attention with Focus: A Novel Learning Scheme for Classification of Whole Slide Images,"Shivam Kalra, Mohammed Adnan, Sobhan Hemati, Taher Dehkharghanian, Shahryar Rahnamayan, Hamid R. Tizhoosh",350-359,/chapter/10.1007/978-3-030-87237-3_34,2021,8,category: classification,27,2013,2021,8
272,499,Developmental Stage Classification of Embryos Using Two-Stream Neural Network with Linear-Chain Conditional Random Field,"Stanislav Lukyanenko, Won-Dong Jang, Donglai Wei, Robbert Struyven, Yoon Kim, Brian Leahy et al.",363-372,/chapter/10.1007/978-3-030-87237-3_35,2021,8,category: classification,16,1981,2020,39
273,501,Cell Detection in Domain Shift Problem Using Pseudo-Cell-Position Heatmap,"Hyeonwoo Cho, Kazuya Nishimura, Kazuhide Watanabe, Ryoma Bise",384-394,/chapter/10.1007/978-3-030-87237-3_37,2021,8,category: classification,34,1979,2021,42
274,502,2D Histology Meets 3D Topology: Cytoarchitectonic Brain Mapping with Graph Neural Networks,"Christian Schiffer, Stefan Harmeling, Katrin Amunts, Timo Dickscheid",395-404,/chapter/10.1007/978-3-030-87237-3_38,2021,8,category: classification,25,1983,2020,37
275,503,Annotation-Efficient Cell Counting,"Zuhui Wang, Zhaozheng Yin",405-414,/chapter/10.1007/978-3-030-87237-3_39,2021,8,category: classification,17,2010,2020,10
276,505,Cell Detection from Imperfect Annotation by Pseudo Label Selection Using P-classification,"Kazuma Fujii, Daiki Suehiro, Kazuya Nishimura, Ryoma Bise",425-434,/chapter/10.1007/978-3-030-87237-3_41,2021,8,category: classification,25,1979,2020,41
277,508,Automated Malaria Cells Detection from Blood Smears Under Severe Class Imbalance via Importance-Aware Balanced Group Softmax,"Canfeng Lin, Huisi Wu, Zhenkun Wen, Jing Qin",455-465,/chapter/10.1007/978-3-030-87237-3_44,2021,8,category: classification,25,2011,2020,9
278,511,Deep Reinforcement Exemplar Learning for Annotation Refinement,"Yuexiang Li, Nanjun He, Sixiang Peng, Kai Ma, Yefeng Zheng",487-496,/chapter/10.1007/978-3-030-87237-3_47,2021,8,category: classification,19,1985,2020,35
279,512,Instance-Aware Feature Alignment for Cross-Domain Cell Nuclei Detection in Histopathology Images,"Zhi Wang, Xiaoya Zhu, Lei Su, Gang Meng, Junsheng Zhang, Ao Li et al.",499-508,/chapter/10.1007/978-3-030-87237-3_48,2021,8,category: classification,24,2015,2020,5
280,513,Positive-Unlabeled Learning for Cell Detection in Histopathology Images with Incomplete Annotations,"Zipei Zhao, Fengqian Pang, Zhiwen Liu, Chuyang Ye",509-518,/chapter/10.1007/978-3-030-87237-3_49,2021,8,category: classification,21,2000,2020,20
281,514,GloFlow: Whole Slide Image Stitching from Video Using Optical Flow and Global Image Alignment,"Viswesh Krishna, Anirudh Joshi, Damir Vrabac, Philip Bulterys, Eric Yang, Sebastian Fernandez-Pol et al.",519-528,/chapter/10.1007/978-3-030-87237-3_50,2021,8,category: classification,26,1981,2020,39
282,515,Multi-modal Multi-instance Learning Using Weakly Correlated Histopathological Images and Tabular Clinical Information,"Hang Li, Fan Yang, Xiaohan Xing, Yu Zhao, Jun Zhang, Yueping Liu et al.",529-539,/chapter/10.1007/978-3-030-87237-3_51,2021,8,category: classification,29,1988,2021,33
283,516,Ranking Loss: A Ranking-Based Deep Neural Network for Colorectal Cancer Grading in Pathology Images,"Trinh Thi Le Vuong, Kyungeun Kim, Boram Song, Jin Tae Kwak",540-549,/chapter/10.1007/978-3-030-87237-3_52,2021,8,category: classification,21,2010,2019,9
284,517,Spatial Attention-Based Deep Learning System for Breast Cancer Pathological Complete Response Prediction with Serial Histopathology Images in Multiple Stains,"Hongyi Duanmu, Shristi Bhattarai, Hongxiao Li, Chia Cheng Cheng, Fusheng Wang, George Teodoro et al.",550-560,/chapter/10.1007/978-3-030-87237-3_53,2021,8,category: classification,21,2004,2020,16
285,518,Integration of Patch Features Through Self-supervised Learning and Transformer for Survival Analysis on Whole Slide Images,"Ziwang Huang, Hua Chai, Ruoqi Wang, Haitao Wang, Yuedong Yang, Hejun Wu",561-570,/chapter/10.1007/978-3-030-87237-3_54,2021,8,category: classification,22,2013,2020,7
286,519,Contrastive Learning Based Stain Normalization Across Multiple Tumor in Histopathology,"Jing Ke, Yiqing Shen, Xiaoyao Liang, Dinggang Shen",571-580,/chapter/10.1007/978-3-030-87237-3_55,2021,8,category: classification,22,2001,2021,20
287,520,Semi-supervised Adversarial Learning for Stain Normalisation in Histopathology Images,"Cong Cong, Sidong Liu, Antonio Di Ieva, Maurice Pagnucco, Shlomo Berkovsky, Yang Song",581-591,/chapter/10.1007/978-3-030-87237-3_56,2021,8,category: classification,31,1992,2021,29
288,521,Learning Visual Features by Colorization for Slide-Consistent Survival Prediction from Whole Slide Images,"Lei Fan, Arcot Sowmya, Erik Meijering, Yang Song",592-601,/chapter/10.1007/978-3-030-87237-3_57,2021,8,category: classification,28,1979,2020,41
289,522,Adversarial Learning of Cancer Tissue Representations,"Adalberto Claudio Quiros, Nicolas Coudray, Anna Yeaton, Wisuwat Sunhem, Roderick Murray-Smith, Aristotelis Tsirigos et al.",602-612,/chapter/10.1007/978-3-030-87237-3_58,2021,8,category: classification,18,2011,2021,10
290,524,USCL: Pretraining Deep Ultrasound Image Diagnosis Model Through Video Contrastive Representation Learning,"Yixiong Chen, Chunhui Zhang, Li Liu, Cheng Feng, Changfeng Dong, Yongfang Luo et al.",627-637,/chapter/10.1007/978-3-030-87237-3_60,2021,8,category: classification,25,2003,2021,18
291,525,Identifying Quantitative and Explanatory Tumor Indexes from Dynamic Contrast Enhanced Ultrasound,"Peng Wan, Chunrui Liu, Fang Chen, Jing Qin, Daoqiang Zhang",638-647,/chapter/10.1007/978-3-030-87237-3_61,2021,8,category: classification,13,2003,2017,14
292,526,Weakly-Supervised Ultrasound Video Segmentation with Minimal Annotations,"Ruiheng Chang, Dong Wang, Haiyan Guo, Jia Ding, Liwei Wang",648-658,/chapter/10.1007/978-3-030-87237-3_62,2021,8,category: classification,28,2008,2020,12
293,529,Training Deep Networks for Prostate Cancer Diagnosis Using Coarse Histopathological Labels,"Golara Javadi, Samareh Samadi, Sharareh Bayat, Samira Sojoudi, Antonio Hurtado, Silvia Chang et al.",680-689,/chapter/10.1007/978-3-030-87237-3_65,2021,8,category: classification,18,2014,2021,7
